gname,sex,fold
承憲,1,9
均平,1,7
思安,0,6
佑誠,1,3
乃馨,0,0
婕,0,0
冠瑜,0,1
冠學,1,0
立翰,1,2
以柔,0,6
葳,0,7
士耘,1,1
佾蓁,0,3
姿嘉,0,2
薏涵,0,9
禹辰,1,3
彥博,1,7
博淮,1,4
宜庭,0,0
宜宸,0,2
可庭,0,6
紘嘉,1,9
楨崴,1,1
容,0,7
聖,1,1
芸禎,0,5
博翰,1,2
若慈,0,8
亭儀,0,4
允中,1,7
學聖,1,1
怡歆,0,5
子銓,1,5
可文,0,0
芷昀,0,3
誠安,1,1
侑達,1,8
博隆,1,6
于蕙,0,9
心品,0,9
孟臻,0,5
芷融,0,0
恩佑,1,5
筠惠,0,4
崴聲,1,9
懿萱,0,7
叔晴,0,0
丹檥,0,2
緒恩,1,8
書瑜,0,1
菀庭,0,9
宇君,0,3
瀚,1,4
維軒,1,4
紘熙,1,6
棕翔,1,5
雋翔,1,4
振宇,1,3
帷絜,0,5
伯翰,1,0
品禎,0,2
楚文,1,8
昀容,0,9
培瑞,1,8
秀綺,0,2
敏慈,0,8
柏諺,1,3
佳芃,1,9
昕宇,1,2
剛頡,1,4
子晴,0,6
芸瑄,0,1
薇丞,0,8
俐婷,0,2
琪元,0,8
佳萱,0,6
威,1,8
佩真,0,3
旻咨,0,5
鈺純,0,0
志玲,0,2
傑恩,1,8
媛孜,0,3
逸翔,1,1
韋誠,1,2
稚善,0,1
昫,1,5
佳妤,0,8
竹凱,1,9
凱,1,8
煥傑,1,1
承翰,1,3
育柔,0,2
品荃,0,9
芯愉,0,5
維怡,0,3
芷羚,0,5
巧維,0,6
胤辰,1,8
子鳳,0,6
秉霖,1,6
玳葳,0,7
楷胤,1,2
佳儀,0,0
柏恩,1,2
駿羽,1,8
育靜,0,2
靖隆,1,4
哲瑋,1,9
維亨,1,7
嬿葶,0,0
峻瑋,1,7
鎮宇,1,8
儀庭,0,8
若凡,0,6
潔欣,0,0
力瑜,1,7
群詠,1,0
舒雯,0,9
采如,0,7
晉揚,1,6
毓蓉,0,3
婉伶,0,9
駿皓,1,4
珮廷,0,2
浩恩,1,5
昕諝,1,3
禎麟,1,4
子瑜,0,7
侑程,1,8
昀臻,0,3
玟樵,1,2
仁易,0,9
瑋峻,1,8
祈瑋,1,5
力文,1,4
顗禎,0,5
成豐,1,4
郁雯,0,1
奕君,0,3
貽謀,1,1
珮瑄,0,9
彥傑,1,3
一珊,0,5
從宇,1,5
宇宸,1,4
庭律,1,8
承東,1,5
彤映,0,1
佳萱,0,5
劭期,1,6
岱容,0,1
凡,0,5
富梓,1,0
恩慧,0,2
姿瑩,0,0
倉偉,1,9
育瑄,0,3
昱心,0,6
奕庭,1,8
丞鈞,1,2
欣語,0,4
彥綱,1,6
宜琳,0,8
尚豪,1,8
宗科,1,5
宇力,1,3
健維,1,1
宛靚,0,3
韻瑄,0,9
君毅,1,3
維軒,1,7
湘婷,0,3
怡蘋,0,8
亞璇,0,9
凱茹,0,3
立青,0,6
柏叡,1,4
佳玟,0,1
璟儀,0,7
映荷,0,9
雅萱,0,4
雅婷,0,8
婷瑋,0,7
峻瑋,1,4
宗翰,1,9
邦淇,0,1
新杰,1,7
紫祐,0,2
宛璇,0,1
文泰,1,7
書伶,0,2
辰桓,1,4
聖皓,1,6
祉菱,0,3
心喨,0,8
樂安,0,5
庭,0,1
旻淑,0,5
惠慈,0,4
承恩,1,5
宇睿,1,6
佳榕,0,8
冠丞,1,9
維安,1,7
儀萱,0,2
禎瑄,0,9
秉諭,1,7
誠恩,1,5
宸立,1,9
子昕,0,0
顯亭,0,9
宇柔,0,6
廷瑀,0,0
可暄,0,0
幸萱,0,3
煦恩,0,4
承憲,1,8
憲紘,1,7
浚賢,1,8
妮,0,3
翔宇,1,1
冠廷,1,1
佐融,1,3
綜祐,1,6
韶彥,1,9
唯鳴,1,1
欣容,0,6
育賢,1,5
芝儀,0,4
秉圻,1,3
昱鈞,1,8
天妮,0,8
資旻,0,5
家心,0,6
東璿,1,3
芸妘,0,3
鈞皓,1,4
承宏,1,6
奕琇,0,9
茗暄,0,8
映辰,1,2
怡晴,0,9
芮嘉,0,9
心慧,0,8
長壬,1,7
秉詮,1,3
緗羚,0,4
柔樊,0,5
品柔,0,3
紹羽,1,6
育平,1,5
本弘,1,1
宥云,0,3
佩昀,0,4
威誠,1,4
冠豪,1,1
冠毅,1,7
福順,1,2
翊涵,0,0
文陽,1,9
奕蒼,1,7
莉華,0,8
曉盈,0,8
羽彤,0,5
品瑩,0,5
喬絢,0,0
政皓,1,0
佳恩,0,5
瑄,0,9
榮信,1,1
愷辰,0,0
家翰,1,4
冠麟,1,6
呈睿,1,9
語潼,0,7
郁芊,0,5
詠之,0,0
陽,1,9
立丞,1,8
宸安,1,0
姿霖,0,4
朝翔,1,2
怡萱,0,8
昀倩,0,6
君瑜,0,7
亭瑜,0,7
芷綾,0,1
采羚,0,4
念恩,0,1
曜詳,1,1
筠喬,0,5
宣頤,0,9
宜寬,1,2
紹華,1,1
子芸,0,4
芊樺,0,0
丞恩,1,3
畇彤,0,8
品蓉,0,5
妤恩,0,3
宸謙,1,7
品愛,0,8
期軒,0,2
靖盛,1,5
虹余,0,8
永傑,1,0
冠倫,1,6
品柔,0,0
晉德,1,4
冠霆,1,4
昱成,1,1
育宏,1,0
箴,1,9
家恩,1,4
韻竹,0,7
聖旻,1,8
詠晴,0,5
于棠,1,5
慧菱,0,2
琪鈞,0,1
奕君,0,2
武奇,1,8
妙玲,0,5
羽辰,0,1
子軒,0,9
佳穎,0,8
聖翔,1,6
俊皓,1,8
昭蓉,0,6
庭欣,0,6
鈞葦,1,5
芷暄,0,6
靖妤,0,6
宇璿,0,6
威丞,1,4
懿貞,0,9
旭霆,1,5
名愷,1,8
澤霖,1,8
采語,0,0
妤瑄,0,2
詠暄,0,9
玉婷,0,2
力豪,1,3
友維,1,6
宇盛,1,2
育正,1,0
柏崴,1,3
玟綾,0,3
士杰,1,3
曉涵,0,1
浚祐,1,8
慕榛,0,5
宗穎,1,7
哲維,1,6
瀚,1,0
品昀,1,1
惠茹,0,4
建焜,1,8
芃之,1,6
映瑋,0,5
慈芬,0,3
詠翔,1,0
澤怡,0,4
昱嘉,1,3
羽倢,0,3
歆芸,0,6
宥丞,1,1
穆昕,0,3
郁詩,0,9
懷謙,0,9
又榕,0,9
紀睿,1,7
俊甫,1,3
重智,1,3
寧,0,1
玟,0,9
菀庭,0,6
博媛,0,0
暐絜,0,0
彥廷,1,3
煥鈞,1,5
千樹,1,4
宛妮,0,0
奕潔,0,3
幸諳,0,6
政嘉,1,3
郁洳,0,0
得恩,1,3
榆茜,0,6
佳穎,0,0
佩怡,0,6
彥蓁,0,3
詳然,1,3
瑚憶,0,8
英雪,0,6
昱淳,0,3
霈妘,0,8
昀儒,0,5
家瑜,0,0
靖茹,0,6
淑樺,0,3
慧心,0,8
冠霖,1,7
亞璇,0,3
云,0,9
書聿,1,4
奕瑄,0,7
國維,1,9
榆茗,1,0
凱揚,1,9
浚棋,1,0
祥禕,1,5
人瑜,0,5
珈琦,0,7
宸榛,1,0
靖雯,0,1
郁棻,0,0
榆珺,0,4
士嬅,0,2
安慈,0,1
冠銘,1,8
奕寧,0,4
楷倫,1,8
宏碩,1,0
容維,1,1
詩涵,0,5
湘閔,0,3
怡蓁,0,8
禕箴,0,1
家碩,1,3
孟穎,0,0
曼寧,0,4
芮綺,0,2
語宸,0,3
昀妮,0,6
昕睿,1,6
宣宇,1,4
詠德,0,8
詩喬,0,9
依琳,0,8
家閔,0,2
韻儀,0,9
舒涵,0,4
珊妤,0,1
育靖,0,5
辰諳,1,7
首婷,0,6
亦柔,0,9
厚錡,1,3
竣齊,1,1
博均,1,4
竣偉,1,4
書怡,0,8
承恩,1,2
圓緣,0,7
菄凱,1,0
榮尹,1,3
亮云,0,1
羽芯,0,8
智權,1,0
嘉成,1,5
理安,0,6
世宇,1,4
品安,1,1
仟沄,0,1
明彤,0,2
司帷,1,7
泓緯,1,8
子憶,0,5
舒翔,1,6
冠詠,1,6
旻珈,0,9
重鈞,1,4
姿蓉,0,0
琬婷,0,7
彥閔,1,5
筠潔,0,8
婉柔,0,7
瑋珊,0,2
彥哲,1,4
芊芊,0,3
品駿,1,7
羿璇,0,3
家瑋,1,8
乃元,1,7
劭宇,1,9
歆倪,0,6
思彤,0,4
呈諺,1,5
莉棻,0,9
信,1,2
千榆,0,2
恒旭,1,0
國亮,1,2
昕惟,1,5
昱頡,1,6
若芸,0,1
子祈,1,6
慧語,0,1
家芯,0,8
昱錡,1,3
巧玟,0,8
雨錚,0,5
志笙,1,7
珮楨,0,3
柏辰,1,3
伊婷,0,0
采柔,0,3
恩綺,0,5
可珊,0,3
樂陽,1,1
祐祥,1,7
婷媛,0,0
庭嘉,1,1
相辰,1,5
丞恩,1,3
予柔,0,0
啟恩,1,7
羽忻,0,9
贊民,1,2
彥儒,1,9
真實,0,8
翊玟,0,2
敏綸,1,3
世廷,1,3
炘霖,1,6
柏志,1,9
博鈞,1,3
婷微,0,8
昀庭,0,9
靖羚,0,8
容瑾,0,9
亮耘,0,7
亭皓,1,8
祐全,1,5
緹媚,0,5
宥謙,1,0
荔瑜,0,6
承恩,1,1
怡敏,0,0
宜璇,0,3
柏龍,1,7
方,1,0
政憲,1,2
昱誠,1,7
品妤,0,9
云臻,0,4
仁予,1,1
帆柔,0,8
顥,1,1
成汶,0,0
俊為,1,6
昭佑,1,1
嘉珮,0,0
秉奇,1,8
品熙,0,4
筱晴,0,7
楠薰,0,9
亞蓁,0,7
芊儒,0,5
呈峰,1,1
亦平,1,0
柔葳,0,1
彥維,1,6
軒宇,1,9
以安,1,6
尉棠,1,0
子頤,1,4
秋霜,0,8
可欣,0,2
星佑,1,5
心樵,1,7
宛庭,0,2
萱,0,0
乃元,0,0
博元,1,9
羚禎,0,0
龍昇,1,2
華謙,0,8
維均,0,5
子軒,1,4
紹翔,1,1
青諺,1,5
靖妤,0,5
佳萱,0,3
仕茵,1,8
巧欣,0,8
醇臻,1,6
子瑋,0,3
浩鋌,1,6
御慈,0,2
琬筑,0,2
易蓮,0,8
紫柔,0,0
瑩蓁,0,4
亭勻,0,4
芳萱,0,9
恩琦,0,5
伊芸,0,2
曉慈,0,0
皓喻,1,7
奕皇,1,5
琪勝,1,9
愷嫻,0,5
姿妤,0,7
琪,1,1
宜蓁,0,5
承恩,1,0
千玓,0,3
孜寬,0,8
依欣,0,6
苡蘋,0,0
書齊,1,1
皓天,1,0
佳妤,0,5
書楷,1,7
瑞鴻,0,2
睿廷,1,8
郁齊,0,0
榤恩,1,4
名緯,1,9
昕芊,0,4
敬峰,1,6
鈺堯,1,8
士翔,1,6
子涵,0,5
雅筑,0,3
耕弦,1,1
駿勝,1,2
翊九,1,0
語葶,0,1
安妮,0,9
丞伯,1,3
義祐,1,2
靖瑜,0,6
語文,0,3
佳穎,0,6
御晴,0,4
正昊,1,4
凊槐,1,7
道祥,1,7
鈺舜,1,2
荃尹,0,4
子淮,1,5
紹宇,1,9
雅涵,0,7
昱臻,0,2
芃辰,1,6
筱婕,0,4
畇,0,3
令誼,1,0
采儒,0,4
俊凱,1,4
思婷,0,9
瑋傑,1,8
柏翰,1,9
婕羽,0,4
亦瑜,1,9
彥婷,0,1
仁謙,1,6
冠勛,1,7
祐辰,1,6
馳,1,0
詠珮,0,7
傳盛,1,0
瑞陽,1,6
旻凱,1,0
明遠,1,7
鈞翔,1,7
忞珊,0,6
翊軒,1,6
虹慧,0,8
宜霖,0,2
証揚,1,6
樂多,0,2
孝昭,1,6
柏臻,0,1
玉滿,0,1
茂璿,1,9
廷惟,1,8
桓彰,1,6
得安,0,3
千嬅,0,2
沂均,0,7
家鈺,0,5
瑞婕,0,6
雨橋,1,2
昀,0,1
欣昊,1,8
禹丞,1,6
俞平,0,9
哲慶,1,8
寬裕,1,2
婕琳,0,6
佾勳,1,3
耘睿,0,2
紘緯,1,5
莫比,1,0
子敬,1,0
浩瑄,1,3
奕葳,1,5
昭平,1,0
凱鈞,1,7
義霖,1,1
祐綸,1,2
芳琳,0,6
威,1,1
星佑,0,1
予菁,0,1
宇哲,1,2
炯維,1,0
奕銨,1,9
荻諺,1,6
寧惟,0,8
楨蓉,0,9
睿桐,1,8
能禕,0,6
佳津,0,4
依婷,0,1
佳典,1,7
書葳,0,1
宜珊,0,6
禕翔,1,5
為翔,1,7
亦凌,0,2
予彤,0,7
麗庭,0,5
瑜宣,0,3
采秀,0,0
哲群,1,5
庭毅,1,6
怡庭,0,4
梋,0,1
新睿,1,6
志強,1,8
珮筠,0,3
意涵,0,5
筠洵,0,0
琦恩,0,4
冠靚,1,3
昊廷,1,9
尹萱,0,7
維萱,0,8
晏瑋,0,1
姵慈,0,8
芩,0,4
昀璇,0,9
煥霖,1,4
行方,0,6
亮谷,1,3
妍馨,0,0
慧翎,0,0
芝楹,0,7
玟怡,0,7
宇婷,0,2
宜萱,0,9
昱翔,1,9
宗淳,1,7
騏,1,2
文亮,1,6
芮瑄,0,8
曉珊,0,3
承翰,1,2
瑋庭,0,7
韋芹,0,8
映竹,0,2
畇圻,0,5
柏汎,1,4
妤芳,0,3
子芯,0,1
俊廷,1,2
新哲,0,1
家翔,1,6
慧榆,0,3
亮萱,0,0
冠榕,1,8
翊勳,1,1
恩平,1,2
維恩,1,7
奎燁,1,4
宜璟,0,9
佳蓉,0,2
冠奕,1,4
佳葵,0,6
菁菁,0,3
家容,0,3
苡晴,0,5
立群,1,0
采婕,0,7
東駿,1,2
若儀,0,5
祈燁,1,0
庭安,1,9
育鋒,1,7
彥傑,1,9
柏穎,1,8
植正,1,3
柏文,1,3
宇,1,5
科宏,1,2
奕丞,1,9
慧娟,0,8
紓均,1,7
道融,1,0
恬悒,0,2
禹涵,0,1
婉榆,0,3
冠霆,1,0
恬緯,0,3
珮程,0,3
逸帆,1,2
庭羽,1,7
捷,0,0
曜成,1,1
青,0,4
芷昀,0,5
偉銓,1,1
子瑜,0,6
宥鳴,1,8
宗祥,1,5
瑀翔,1,7
博安,1,4
家榕,0,2
詠晴,0,5
嘉妤,0,8
子瑜,0,6
妤恩,0,0
珮淇,0,8
彥融,1,9
恪崴,1,0
昭穎,0,9
鈺茹,0,6
珊妮,0,9
泓景,1,9
子齊,1,2
天瑞,1,5
佳妍,0,8
庭煜,1,9
芯蕊,0,1
伊萱,0,0
逸洪,1,1
正驊,1,1
佳恩,0,7
伊依,0,9
羿綸,1,6
粱善,1,0
苑宸,0,6
彥伶,0,2
惠鈞,0,6
佩晴,0,5
映廷,1,9
廣恩,1,2
翔筌,1,1
群,1,0
慶恩,1,4
弘量,1,8
胤群,1,7
姿穎,0,5
喬茵,0,8
煦元,1,7
泯諺,1,8
宣睿,1,4
尹羚,0,3
文琳,0,0
芊芊,0,3
辰君,0,8
于蘅,0,8
珮琪,0,6
晏墐,1,1
宥成,1,8
志祥,1,4
禹勳,1,6
敬涵,0,4
冠雅,0,3
宥翔,1,0
柏語,0,6
品諺,1,5
品翰,1,0
峪銘,0,0
兆麒,1,3
廷睿,1,2
暘,1,8
彥均,1,5
松鐸,1,5
建名,1,7
家偉,1,3
予童,0,1
綵嬪,0,9
士哲,1,6
京生,1,6
雅之,0,7
芸瑄,0,6
婷,0,9
立強,1,0
紫嫻,0,7
璟懿,0,8
昱昕,1,7
承佑,1,4
語彤,0,8
靖萱,0,9
芷妤,0,5
晏誠,1,2
東璿,1,3
家豪,1,2
勻涵,0,0
孟芷,0,3
延沁,1,8
冠陞,1,1
晴淄,0,8
治中,1,4
奕婷,0,1
光筠,0,7
柏彰,1,6
貽瑩,0,2
佑庭,1,5
郁琴,0,4
聖侑,1,7
子恩,0,7
佩蓉,0,4
方繻,0,3
潁蓁,0,9
晏慈,0,4
竣揚,1,1
子倢,0,5
譜云,0,0
弘翊,1,4
宇軒,1,8
姿妤,0,2
韜宇,1,0
怡穎,0,4
宛筠,0,4
子恩,1,8
婕,0,5
致諺,1,7
劭芃,0,6
宗威,1,3
品頤,0,8
喻萍,0,4
平,0,1
言嬡,0,0
芸恩,0,9
禪瑩,0,0
柏宏,1,4
筱蓁,0,4
伊庭,0,9
昀霓,0,9
言芳,0,2
明蕙,0,3
孟婕,0,3
巧昕,0,9
婕琦,0,3
慧欣,0,0
若玫,0,8
威廷,1,5
玉慈,0,8
英作,1,6
柏樺,1,1
硯涵,0,7
喬媛,0,0
典諺,1,8
逸凡,1,1
彥勳,1,6
筱媛,0,8
家葆,1,5
佳恩,0,5
靖文,1,9
君燁,0,0
良成,1,3
昱菖,1,0
學銘,1,9
祖容,0,0
軒宇,1,2
雅婷,0,3
皓允,1,0
柏華,1,8
璿,1,4
彥蓉,0,9
芳妤,0,6
昱辰,1,1
逸蓁,0,4
辰恩,1,6
聖哲,1,1
可涵,0,4
軒綸,1,4
政舜,1,2
瑞哲,1,4
雅鈞,0,3
靖棋,0,0
家昀,1,8
宗羲,1,6
家宜,0,2
明諺,1,1
韋頡,1,0
沅,0,2
懿紘,1,2
韋彤,0,6
景淳,0,6
捥淳,0,9
瑜屏,0,5
紹德,1,2
芊萱,0,1
睿綸,1,2
心玫,0,2
柏睿,1,0
振軒,1,7
皓群,1,3
柔宇,0,9
慈媛,0,6
文詠,1,2
旻軒,0,7
琦,0,6
育丞,1,1
聖汝,0,3
宜樺,1,3
冠甫,1,4
佳宣,0,5
芸,0,8
子祐,1,0
玉珊,0,4
鈺涵,0,4
宜臻,0,1
皓閔,1,0
碩槿,1,4
詩芸,0,3
佳緯,1,5
涵羽,0,9
晏瑜,0,1
政帷,1,5
宗駿,1,5
奕宏,1,0
語芯,0,7
毓芸,0,7
國浩,1,2
光中,1,3
洋安,0,0
梓瑄,0,5
希禾,1,6
毓芳,0,2
千晉,1,2
恩銘,1,2
喬榆,0,2
承諺,1,6
瑞祥,1,7
沛君,0,1
佳鈺,0,1
以霖,0,5
雲昕,0,2
崇恩,1,0
亦辰,0,2
承翰,1,8
楚環,0,8
亮諭,0,6
聖凱,1,1
昀聖,1,2
語軒,0,9
少凡,1,6
研,1,8
亭君,0,7
彥谷,1,6
佳璇,0,1
奕杉,0,2
瑋苓,0,9
曾璦,0,9
軒銘,1,4
筱晴,0,7
議盈,0,0
欣慧,0,5
奕君,1,5
奕全,1,9
祐巧,0,9
書任,1,4
芷琦,0,5
宜萱,0,1
維恩,0,8
姿穎,0,3
幼祺,0,4
映辰,0,9
祖安,1,3
承遠,1,7
閔竣,1,7
芷芃,0,0
雅森,1,7
威齊,1,1
承恩,1,1
幼婕,0,6
敏桓,1,0
原詰,1,0
依潔,0,5
格雅,0,7
采柔,0,0
亭宇,1,2
祥睿,1,9
柔葳,0,2
榆貞,0,4
婉蓁,0,5
宇欣,0,5
雯琪,0,8
柏樺,1,4
湘菱,0,6
成康,1,2
紹竹,1,8
晏竹,1,1
綾玉,0,7
博徵,1,0
羿岑,0,0
延哲,1,4
乃丰,1,2
韋宏,1,0
慕祈,0,5
維欣,0,8
紀翔,1,9
彥箴,0,4
祉瑩,0,2
淑璘,0,5
昇鐙,1,4
安琇,0,2
允修,1,3
佳晏,0,2
郁芸,0,8
雅如,0,5
采蓁,0,5
琬翎,0,7
子菱,0,0
信友,1,3
逸然,1,4
穆,1,8
家誠,1,0
祺生,1,6
庭妤,0,6
曼喻,0,9
喻絜,0,4
苑儀,0,8
宇翔,1,2
冠宇,1,5
姝廷,0,9
俐玟,0,5
以樂,0,2
羿文,0,2
念彤,0,3
泓寬,1,4
祖安,0,7
嘉文,0,4
鈞浩,1,3
沛茗,0,6
雅韻,0,7
欣憓,0,1
子平,0,7
恩誠,1,2
家昇,1,9
愷容,0,2
承恩,1,0
元愷,1,3
曉涵,0,3
雅婷,0,3
亮德,1,0
靖華,1,2
子豪,1,3
敬燿,1,3
亞芯,0,6
瑋璠,1,0
宜蓁,0,7
雅棋,0,3
芃秀,0,8
庭伊,0,8
品鋐,1,3
晨崴,1,1
思穎,0,4
姮瑄,0,6
宥璇,0,5
容欣,0,7
卉婕,0,1
詠婷,0,9
敬文,0,8
思羽,0,3
之亭,0,2
怡靜,0,9
筠達,1,9
嘉祐,1,0
采玟,0,2
宜均,0,4
翰廷,1,7
彥儀,0,8
法度,1,7
可雯,0,8
筱瑄,0,1
嘉宜,0,7
齡捷,0,9
羿君,1,0
純瑜,0,5
菀玲,0,8
愃羽,0,8
湘妤,0,9
湘棋,1,8
軒傑,1,7
冠樺,0,8
辰昀,0,3
楷曄,1,2
程遠,1,3
佳穎,0,2
如璘,0,0
亮蓁,0,9
子揚,1,1
禎誼,0,3
秉勳,1,5
亭叡,0,2
羽榕,0,4
奕芯,0,6
育豪,1,0
昱熒,0,3
宇謙,1,8
令宜,0,2
庭歡,0,6
郁錡,1,6
語恩,0,6
絹淇,0,7
寀菱,0,7
柏邑,1,7
姮燁,0,7
辰彥,1,0
博瑞,1,1
薇帆,0,4
佳蓁,0,9
博茗,1,9
婕雅,0,3
俐文,0,8
天睛,0,1
姿云,0,9
智評,1,9
芷榕,0,0
彩甄,0,7
家維,1,2
淨,1,5
人瑜,0,3
冠虹,0,2
承訓,1,9
卉柔,0,5
孟樺,0,6
筱婷,0,0
禹涵,0,1
睿翔,1,2
加恩,1,2
芷瑄,0,3
昕,0,1
伯勳,1,0
思婷,0,4
祥,1,7
憲朋,1,0
佩穎,0,4
瑋杉,0,0
天予,0,5
佳誠,1,1
佳欣,0,5
智惟,1,0
芸彤,0,2
芳瑜,0,4
瑞澤,1,2
之涵,0,2
語謙,1,4
謹,0,7
宗祐,1,2
佩琪,0,0
庭瑜,1,9
姿榕,0,9
月言,0,6
宇揚,1,5
言郁,0,5
家均,1,7
兆哲,1,2
奕賢,0,5
秉璁,1,7
冠翰,1,1
卉宜,0,6
淳琳,0,9
禮頡,1,6
緯松,1,9
芷菱,0,5
佳綺,0,6
芷青,0,5
紫瑜,0,5
珮榕,0,9
沛蓉,0,7
書榆,0,5
采容,0,3
宜達,1,9
希遠,1,6
熙璇,1,5
家妤,0,0
欣倚,0,6
昱綸,1,4
皓,1,2
心慈,0,0
芯慈,0,8
俞安,0,5
宇皓,1,8
昕蓉,0,6
學昂,1,5
又,1,1
子瑜,0,8
秉軒,1,1
敦揚,1,4
苡庭,0,7
暐頡,1,0
歆如,0,1
宇璇,1,6
承珊,0,4
晏慈,0,4
廷安,1,2
奕廷,1,6
古德,1,5
庭恩,0,5
資婷,0,1
揚勛,1,1
致廷,1,5
名郁,0,7
貞螢,0,9
展邑,1,6
竣維,1,2
芮禎,0,4
韻伊,0,9
希芸,0,5
伶宜,0,2
威愷,1,4
子涵,0,4
依琪,0,4
瑋倫,1,3
嘉敏,0,5
毓芳,0,7
心雅,0,8
雨玫,0,4
佳妤,0,2
季祐,1,7
芸希,0,5
育魁,1,3
岱君,0,7
姵菱,0,7
浿甄,0,5
堉恩,0,9
筑憶,0,4
若恩,0,8
冠婷,0,9
鄲郼,1,9
文洋,1,5
雅如,0,6
文山,1,9
承泰,1,6
奇翔,1,7
宸睿,1,4
騰勻,1,9
妤雯,0,4
安晴,0,7
筱璦,0,1
希甫,1,2
若榆,0,3
天翼,1,5
侑均,1,7
寶文,0,4
睦雅,0,6
宗漢,1,9
毓翔,1,7
承佑,1,4
芷辰,1,1
映辰,0,5
筠蓉,0,6
威,1,1
芝蓉,0,8
于軒,0,1
嘉柔,0,6
義軒,1,0
宣辰,0,1
正宇,1,1
主安,0,1
揚昇,1,8
芝邑,0,5
佩臻,0,1
姿伶,0,2
宇揚,1,2
君葦,0,2
玉淇,0,6
羽婕,0,2
敬棋,1,4
宇竣,1,7
睿辰,1,3
冠宇,1,8
芃翎,0,7
詠群,1,8
宥為,1,8
怡嘉,0,7
婕瑜,0,5
威銘,1,5
昱揚,1,9
致瑋,1,3
雨萱,0,5
享珈,0,3
霈翎,0,6
念庭,0,0
晟賓,1,5
以欣,0,3
依柔,0,1
品諠,0,3
舒妤,0,6
婕寧,0,3
資尹,1,4
新泰,1,9
子宸,1,9
功統,1,9
仲賦,1,2
昕葳,0,2
玉宸,1,1
茂庭,1,9
泓哲,1,3
靜怡,0,9
卉茹,0,9
右丞,1,7
人豪,1,1
宸兆,1,1
彥筑,0,0
虹樺,0,0
佳得,0,4
星諭,1,4
庭軒,0,3
才云,0,5
翔元,1,5
品儒,1,0
靖雯,0,5
今聚,1,4
宸瑋,1,6
永峻,1,5
宣好,0,7
清凱,1,6
其寰,1,4
傑民,1,6
晏齊,1,9
佩芳,0,1
崇洧,1,6
 辰,1,4
子嘉,0,4
莉穎,0,3
秋鈺,0,3
姿佑,0,8
亞叡,1,1
佑慈,0,1
品妤,0,9
瑞鋒,1,8
采軒,0,7
衍彤,0,6
泓瑜,1,9
湘尹,0,0
信彤,0,4
采茵,0,0
薰平,0,6
祈君,0,7
翊群,1,2
崇羽,0,2
少迪,0,8
瑜婕,0,3
圓圓,0,0
珊汝,0,9
佳恩,0,9
東翰,1,5
又豪,1,2
芷其,0,0
希恩,1,0
珩,1,0
品潔,0,0
瑜蔚,0,8
立恩,1,9
宜薰,0,6
宜越,1,8
予禛,0,4
昱凱,1,4
谷海,1,4
宇冠,1,0
睦家,0,6
弘頡,1,0
詩函,0,7
義芳,0,9
佳昀,0,8
辰翰,1,9
安庭,0,8
宇謙,1,6
瑋謙,1,1
紫翎,0,7
芃如,0,9
威成,1,4
亭君,0,9
昱蓁,0,8
佩儀,0,9
信,1,1
俊毅,1,1
辰靜,0,9
逸蓁,0,8
晉嘉,1,5
惠婕,0,3
楓鎧,1,2
亭葦,0,9
韋翔,1,0
英文,1,2
紘維,1,2
芳瑜,0,8
宣妤,0,9
欣如,0,7
佳吟,0,4
綺珊,0,2
昀蓁,0,6
玟澍,0,9
瑀恒,1,3
駿翔,1,1
鈞智,1,7
峻豪,1,8
欣柔,0,4
宇彤,0,2
依榛,0,5
舒妍,0,0
博勛,1,8
韋蓁,0,9
忻蘋,0,2
予翔,1,1
子璇,0,3
安芮,0,3
騏綺,0,3
均霈,0,0
玟蔚,0,8
玟欣,0,1
茜筠,0,7
永嫺,0,4
維晟,1,8
依欣,0,6
玟槿,1,7
成恩,1,3
宜霖,0,8
東翰,1,9
賀鈞,1,2
譽銓,1,9
宗緯,1,4
駿懋,1,1
博諺,1,2
彪凱,1,5
品瑋,1,8
佳芸,0,6
松憶,1,5
易軒,0,7
冠穎,1,9
昕,0,5
宏軒,1,0
嘉雯,0,6
昱汝,0,9
維凡,1,5
莉臻,0,5
宣丞,1,8
秉諺,1,7
子晴,0,5
心薇,0,5
奕廷,1,4
暐宸,1,2
采真,0,9
宣慧,0,8
亞芯,0,3
玉晴,0,9
宜潔,0,8
笠,1,0
皓翔,1,9
胤誠,1,4
瑋柔,0,1
浩宇,1,2
皓閔,1,7
宇晴,0,0
天馨,0,4
芸喬,0,0
子棋,1,6
俐琳,0,6
子舜,1,5
遠晟,1,5
威,0,8
妤謙,0,2
芳瑀,0,2
鎮洵,1,5
翔豪,1,2
宸緯,1,8
俞安,1,2
芷妮,0,1
宜臻,0,4
泓逸,1,1
羿辰,1,6
文瑄,0,0
杰辰,1,2
御豪,1,5
家豪,1,1
臻,0,8
昭諺,1,1
辰頫,1,7
硯芸,1,7
祐謙,1,3
羿婷,0,5
秉楓,1,3
語婕,0,8
信甫,1,4
柔穎,0,3
貞伶,0,2
偉慈,0,5
芷榕,0,2
岳霖,1,0
嘉宏,1,0
芸悅,0,3
庭筠,0,9
維真,0,1
怡媗,0,2
瑾儒,0,7
希,0,8
柏瑋,1,1
于珊,0,4
易宸,1,0
宥緯,1,4
暘典,1,6
曄筠,0,9
農恩,1,2
幼曦,0,1
崇瑋,1,2
佾璇,0,9
思淇,0,5
晉嘉,1,2
威然,1,0
庭妘,0,1
盛科,1,9
美馨,0,7
揚昊,1,1
鈞憶,0,0
名翔,1,9
庭薰,0,7
青耘,1,2
玉筑,0,1
耕文,1,2
芳彬,1,0
濬霆,1,9
品漢,1,2
彥傑,1,2
弘奇,1,8
亞理,1,4
彥愷,1,0
睿祥,1,2
易蒼,1,1
芸亭,0,4
天邑,1,7
宥頡,1,1
書宇,0,4
瑋嘉,0,8
星妤,0,3
瑄穎,1,5
朝皓,1,2
珊語,0,9
瑞奇,1,1
千綺,0,2
采葳,0,4
鈺婷,0,0
瞻遠,0,4
柏岳,1,8
佳蒨,0,7
祐榮,1,9
霖,1,8
紀睿,1,1
宛庭,0,1
寬,1,5
采芊,0,3
予宣,0,9
柔臻,0,7
啟宏,1,9
威廷,1,0
富元,1,6
品絜,0,3
品妤,0,5
文淇,0,4
晴筠,0,9
羽霜,0,8
沂寧,0,0
宗緯,1,3
柏妤,0,5
彥銘,1,7
郁芸,0,4
毓倫,0,5
秉鈞,1,6
姵禔,0,4
晴筑,0,5
筱穎,0,5
士邕,1,5
羽童,0,4
秉樺,1,7
姿懿,0,2
杰佑,1,9
名妤,0,3
嵩雲,1,1
智宇,1,1
季旻,1,0
鈺娟,0,7
盈臻,0,0
懿恩,0,8
彩羚,0,4
鶴林,0,8
國睿,1,5
筱珞,0,3
馨誼,0,8
容嫻,0,7
任翔,1,1
慶元,1,4
竹婷,0,5
佩倢,0,5
怡廷,0,8
士賓,1,0
瑋芸,0,0
翊華,0,8
恩立,1,2
詩芳,0,3
佩柔,0,5
珮華,0,4
燕琳,0,3
嘉芸,0,6
侑學,1,6
子芸,0,1
立婷,0,5
詳棋,1,6
婉庭,0,7
紅菊,0,9
崴仰,1,0
哲辰,1,4
予鳳,0,0
佳耘,0,0
宜珈,1,2
科翰,1,3
承恩,1,3
俊宇,1,7
思羽,0,7
佳姍,0,5
文蕊,0,5
宗翰,1,7
奕維,1,2
美筠,0,6
睦芸,0,9
祐辰,1,1
峻瑋,1,8
浩玄,1,0
絮文,0,5
梓桓,1,3
宜璋,1,2
蕙瑄,0,0
胤辰,1,9
承威,1,3
大均,1,8
靖婷,0,5
震宇,1,2
敬希,0,8
翊軒,1,2
詩穎,0,8
議葳,0,4
祐丞,1,1
翔安,1,7
品佑,1,3
承恩,1,2
紘寬,1,5
思含,0,4
姮伶,0,9
聿婷,0,8
靖宜,0,6
甯勻,0,3
虹諭,0,9
威恆,1,5
安琪,0,3
沛宗,1,6
昱婷,0,8
筠娟,0,8
詠心,0,7
姵瑄,0,2
詠綸,1,0
麒睿,1,0
書誼,1,7
彥亭,0,9
智翔,1,7
淳瑜,0,4
振宇,1,9
祐丞,1,1
韋茹,0,5
儀柔,0,6
筠婕,0,9
舒涵,0,8
祖民,1,4
明哲,1,1
祐謙,1,1
千惠,0,1
宣榮,1,7
宇姍,0,0
心勻,0,5
妤甄,0,5
采欣,0,6
嘉育,1,1
昭槿,0,5
以歆,0,7
天雅,0,3
子萃,0,4
湘秦,0,8
孟樵,1,9
俊頡,1,5
寓如,0,5
詮,1,7
如馨,0,4
劭芸,0,7
胤能,1,9
嘉為,1,0
岱軒,1,7
鯉瑋,0,8
明瑢,1,4
彧揚,1,3
彥岐,1,1
心瑜,0,4
昶諭,1,9
采瑜,0,0
秉喻,1,6
長誠,1,4
凱元,1,6
紫葳,0,8
星辰,1,6
示昀,0,9
靖,0,1
承新,1,7
靖誼,0,9
彥丞,1,1
璽霖,1,3
舜楷,1,5
安琪,0,0
曼霖,0,2
中棋,1,8
惟婕,0,9
高源,1,7
欣柔,0,8
芮瑜,0,8
書妍,0,8
旻恩,1,0
珮綺,0,8
健源,1,5
佩筠,0,4
翊維,1,3
佳儀,0,4
韋慈,0,8
惠玟,0,2
文湑,1,4
育嫻,0,5
聿,1,1
以諾,1,3
宥妤,0,4
艿芊,0,5
思蓉,0,0
庭萱,0,4
喻翔,1,6
筑羽,0,6
序軒,0,4
璿瑋,1,7
婷宣,0,6
妁宣,0,6
柔安,0,5
喬貞,0,2
宥均,0,8
伯叡,1,3
宸宥,0,5
承憲,1,3
嬿儒,0,3
佑寧,0,7
蓁佑,0,2
淳銘,1,9
聖梧,1,9
家翎,0,1
冠毅,1,1
聖傑,1,5
玹丞,1,8
繪,0,4
羽家,1,6
蜜霜,0,5
毓馨,0,9
涴亦,0,0
佳徽,0,7
亭鈺,0,1
宗祥,1,3
又妤,0,5
硯傑,1,1
彥龍,1,7
俞誠,1,8
慧玲,0,8
育丞,1,0
恩寺,1,8
昀儒,0,1
竣亦,1,9
煜婕,0,9
珮甄,0,6
宇潔,0,4
嚴應,0,8
騏淓,0,4
佳萱,0,4
育瑄,0,8
帛融,1,8
梵宇,1,5
穎蓁,0,3
興卉,0,8
冠宏,1,0
允琦,0,1
榮輝,1,0
琦閎,1,2
安竹,0,2
崇瑋,1,0
尚辰,1,7
家佑,1,1
霖,1,1
文承,1,3
怡文,0,1
瑜安,0,9
明翰,1,8
禹喬,0,4
文秀,0,7
芷欣,0,0
昕怡,0,4
芷妤,0,6
琇茹,0,3
明均,1,9
亭萱,0,0
昱穎,0,5
玟君,0,8
羿蓁,0,8
柏瑄,1,7
芷茵,0,4
淳云,0,4
芝妏,0,0
若榆,0,0
佶廷,1,8
泰驛,1,5
柏融,1,0
亭葦,0,3
恬鈺,0,7
岡,1,1
柏翰,1,8
思妤,0,3
靖媛,0,7
家駿,1,1
芳瑜,0,6
宜君,0,4
彥次,1,5
田欣,0,9
亮,1,9
宜軒,0,3
東瑋,1,5
郁棠,1,7
羽品,0,4
苡媗,0,7
若倚,0,6
登揚,1,0
日盛,1,1
慶如,0,8
宣宇,1,2
舒容,0,9
瑞柏,1,1
辰念,0,9
欣瑜,0,4
雅婕,0,8
雅茹,0,2
潔馨,0,5
威成,1,5
亮忠,1,4
宇綸,1,9
凡郁,0,9
子耘,0,1
冠仁,1,4
育陞,1,7
羽慈,0,0
彥辰,1,9
柏年,1,2
亭妤,0,4
佩臻,0,7
怡辰,0,4
學懌,1,0
皓程,1,2
熙潔,0,9
宥驊,0,5
昱璇,0,9
品如,0,4
松均,1,9
紫緹,0,6
愷昱,1,3
典蓉,0,4
以真,0,5
昕翰,1,7
采葳,0,6
柏君,1,4
維妘,0,1
詩晴,0,6
秉翰,1,8
芷芸,0,7
宗汶,1,8
可昕,0,7
楷安,0,2
睿楚,1,6
珮玲,0,2
智行,1,1
明倫,1,3
翊軒,1,6
靖騰,1,1
維萱,0,7
瑞霆,1,6
冠穎,1,5
宇玟,0,8
林祐,1,5
耘齊,1,7
振凱,1,5
郁嘉,0,1
益安,1,7
宥鈞,1,0
雅雯,0,5
銘毅,1,9
冠廷,1,8
威融,1,6
苙烜,0,4
耘志,1,1
紹恩,1,4
晏慈,0,5
柏寬,1,0
沛升,1,0
祥琳,0,6
懷恕,1,5
彥淇,1,9
書安,0,5
昱杉,0,0
子軒,1,4
庭恩,0,1
偉慈,0,2
祐凱,1,8
宜璇,0,0
倫翔,1,6
邵恩,0,9
靖容,0,7
元元,0,5
君豪,1,1
惠珊,0,8
勛明,1,8
士淵,1,8
品妤,0,2
宇桓,1,9
尹廷,1,4
孟芸,0,5
庭恩,0,9
嘉媛,0,2
功旭,1,5
信任,1,6
昀蒨,0,4
恩昊,1,7
嘉玲,0,0
榕嫈,0,8
謹好,0,8
銘志,1,6
哲安,1,7
威宏,1,8
聖萱,0,2
慕峰,1,7
禹昕,1,4
嘉妤,0,0
綵綸,0,4
國祥,1,0
啟軒,1,9
禎,0,3
柏辰,1,1
致融,1,5
浣蕙,0,5
家齊,1,4
明諺,1,6
宜均,0,5
游鈞,1,8
承修,1,4
瑀容,0,8
柏諺,1,3
姿喬,0,6
修安,1,9
湘芸,0,2
芷萱,0,1
智傑,1,7
子恩,1,8
磊,1,7
睿,1,7
坤原,1,8
韋庭,0,7
柏穎,1,3
楚賢,1,1
安之,1,6
采榆,0,8
子葳,0,8
家旂,0,1
景皓,1,0
睿辰,1,8
沛岑,0,3
昕妤,0,8
冠雯,0,1
翔鈞,1,8
珮瑄,0,9
子皓,1,7
玉真,0,1
瑋,1,5
欣俞,0,1
韋璇,0,5
宣萱,0,3
旼亮,1,1
文伶,0,5
劭安,0,7
建凱,1,9
佳文,0,5
秀晴,0,8
昱辰,1,6
家欣,0,5
若寧,0,1
泓証,1,2
哲安,0,2
芮彤,0,4
柏緯,1,6
海昀,1,5
韋翔,1,6
美錡,0,1
君翰,1,0
暐智,1,4
郁雯,0,8
景雲,1,8
俊銘,1,1
植雋,1,5
宜儒,0,0
昊哲,1,9
慧筠,0,5
鈺珊,0,9
逸祐,1,0
彥閔,1,4
韋瑄,0,5
閔涵,0,4
怡君,0,2
冠葳,1,0
恩志,1,0
錦絹,0,7
予辰,0,0
長恩,1,7
俐晴,0,5
明秀,0,0
皓偉,1,6
馨平,0,5
芷婷,0,9
品含,0,7
駿逸,1,3
靖軒,0,9
雨軒,0,8
詠家,0,1
千嬅,0,9
芷均,0,5
宏文,1,8
柏勛,1,7
崇恩,1,5
潔因,0,9
苡鈞,0,0
育陞,1,9
志軒,1,3
芳倪,0,2
承昱,1,1
傳毅,1,5
郁珊,0,9
翎允,1,8
柏睿,0,3
邵琪,0,1
家同,1,7
翊閎,1,0
滿庭,0,6
維勛,1,0
秉宸,1,9
科宏,1,4
嘉葳,0,7
子誠,1,4
其恩,0,4
元昌,1,4
雅民,1,8
榆惠,0,5
庭瑋,1,1
裕鈞,1,4
宜蓁,0,8
衫妤,0,0
兆傑,1,2
子驊,0,0
維翰,1,3
婕羚,0,1
詩樺,0,1
品婕,0,1
志宇,1,5
羽芯,0,5
宜蓁,0,9
佳欣,0,1
柏全,1,6
栗櫻,0,4
聖洋,1,9
宛鑫,0,1
冠合,0,2
恩齊,1,8
紀翔,1,4
煒勛,1,5
加芸,0,7
鈺洲,1,7
誼蓁,0,2
向哲,1,9
曜至,1,7
莉祺,0,5
子祿,1,1
家瑋,0,7
昕瑩,0,1
韋廷,1,7
艾琳,0,8
敦陽,1,5
祐成,1,3
易萱,0,6
鈺婷,0,6
怡婷,0,6
語茜,0,8
宛蓉,0,5
品含,0,3
裕安,1,2
承逸,1,4
語喬,0,8
安芸,0,8
璿宬,1,4
建定,1,1
立安,1,8
詮睿,1,5
浩辰,1,1
佳融,1,9
忻庭,0,2
芷榆,0,0
郡瑋,1,0
彥予,1,7
媺,0,8
嘉恩,0,6
子晴,0,7
偉皓,1,7
屏煜,0,6
佳俐,0,8
以諾,1,7
真伊,0,6
伊婷,0,6
芳宜,0,3
婉柔,0,8
婕宇,0,1
琪,0,6
思穎,0,6
竣詠,1,7
瑋辰,1,2
苡恩,0,3
士賢,1,2
紫昀,0,5
家瑀,0,0
慈徽,0,9
永能,1,3
毓寰,0,7
以暄,0,6
紘任,1,3
蕎羽,0,7
侑峻,1,5
怡萱,0,0
筠庭,0,6
弼元,1,9
婷榆,0,9
能禕,0,6
承儒,1,3
莞云,0,6
睿翔,1,6
琬庭,0,8
仕賢,1,0
怡臻,0,3
仁信,1,0
詠媗,0,1
亦君,0,7
嘉斌,1,6
秀慧,0,9
雅得,1,9
安淇,0,2
俊銘,1,9
雪柔,0,0
泓均,1,6
楷傑,1,5
綜誼,1,2
孝妍,0,2
心璿,0,8
耘,1,9
芸瑄,0,2
玟霓,0,1
延楓,1,3
祐欣,1,0
竹淇,0,0
楷洋,1,3
浩程,1,5
耕葦,1,0
蕙宇,0,9
宗諺,1,0
昊晟,1,0
邁,1,0
豐兢,1,0
明珍,0,4
品孜,0,8
晶晶,0,5
昀,0,4
可薰,0,7
芷瑋,0,2
玉芝,0,7
孝聰,1,7
世育,1,7
倚信,1,2
瑋庭,0,8
新皓,1,2
則維,1,1
承駿,1,7
浩瑜,1,4
佩君,0,4
宇彤,0,2
柏妤,0,1
恩均,0,6
佳穎,0,9
庭而,0,4
采庭,0,9
昀紜,0,7
昕詠,0,6
意云,0,5
孟儒,1,7
昀倢,0,2
柏任,1,9
仕遠,1,2
昱伶,0,1
時翔,1,1
星宇,0,3
俊圻,1,8
羽辰,1,9
涵柔,0,9
禹萱,0,8
勳,1,6
詩鈺,0,1
彥寬,1,3
淏麟,1,7
芊璦,0,4
秉霖,1,6
宥竣,1,4
莘儒,0,3
凱翔,1,2
其瑾,0,2
智瑜,0,2
心如,0,2
時融,1,9
惠怜,0,6
常葳,0,6
晏羽,0,4
品柔,0,6
湘芩,0,2
子傑,1,3
婉汝,0,5
晉揚,1,4
沛芹,0,2
秉穎,1,0
彥蓁,1,4
香瑩,0,3
子奕,1,7
宗燁,1,3
韻晶,0,1
承芳,0,3
柔儀,0,5
秉初,1,4
俊和,1,0
灝維,1,8
書愷,1,3
信吾,1,6
宇箴,0,0
正皓,1,6
亮羽,0,5
弘佾,1,7
霖生,1,1
廷育,0,2
聖佳,0,4
榕,0,2
博兆,1,6
承鋒,1,2
心慈,0,7
雋翔,1,4
景翔,1,1
閔傑,1,1
欣恬,0,8
恩緯,1,2
芷葳,0,0
芃寰,0,0
仲碩,1,9
怡萱,0,9
冠廷,1,6
清雅,0,3
虹均,0,2
宜辰,0,8
靖媛,0,7
承祐,1,8
詣昕,1,1
元媛,0,9
昱希,0,8
采鑫,0,8
妏,0,2
宗坤,1,8
彥呈,1,4
襲芳,0,5
帷禎,1,0
聿,0,4
盛懋,1,2
靖,1,4
沛榆,0,3
家樂,1,8
冠儒,1,3
維林,1,3
淨淳,0,6
涵羽,0,0
祖沂,1,3
長青,1,4
芷瑄,0,7
節,0,8
蕙綺,0,6
妘慈,0,0
芃伶,0,9
岳霆,1,0
卉媛,0,3
珮珊,0,4
宗羲,1,7
熒鳳,0,2
遠樵,1,9
哲瑋,1,4
俞文,0,1
慶瑋,1,3
晏伶,0,5
真毓,0,1
振瑋,1,2
博丞,1,2
蕙瑄,0,9
佳昇,1,6
珆琝,0,6
子翔,1,4
琪,1,4
逸萱,0,2
萬傑,1,8
思永,1,4
彥嘉,1,5
致瑋,1,5
庭妤,0,9
建翰,1,5
書緹,0,2
承宜,1,5
奎瀚,1,4
可薰,0,1
家瑜,0,8
千容,0,3
榆庭,0,7
士甫,1,7
梓瑋,1,1
筠媮,0,6
禹程,1,7
郁茹,0,4
均豪,1,3
彥翔,1,5
予虹,0,4
暄穎,0,9
承恩,1,7
嘉壕,1,7
威,1,5
家穎,0,5
佳蓉,0,0
姿羽,0,0
政穎,1,7
柏綾,0,0
少陽,1,7
庭榛,0,4
茂霖,1,7
佳妤,0,1
森宇,1,3
于涵,0,1
姿慧,0,4
芝瑜,0,2
心愉,0,6
儀瑄,0,2
羽玟,0,9
莉庭,0,8
雅婷,0,0
煒家,0,8
寧馨,0,5
以涵,0,7
宸胤,1,1
宜梵,0,7
科名,1,6
才軒,1,0
禮恩,1,9
英傑,1,5
宏鳴,1,7
耕榕,1,4
鎧碩,1,6
政修,1,2
欣妤,0,4
穎莉,0,5
霈柔,0,8
于軒,0,8
安傑,1,7
曄芃,1,8
靖,1,8
暄甯,0,9
聖凱,1,1
茂霖,1,2
映昕,0,0
之豫,1,3
芯語,0,7
晴渝,0,7
維蓉,0,0
彥桀,1,9
莉絃,0,5
詩容,0,1
宇軒,1,4
韋蓁,0,0
士愷,1,6
鈺洋,1,5
元淇,0,5
姿宇,0,5
芷柔,0,9
欣穎,0,2
慧慈,0,7
柏宇,1,3
婕綸,0,8
岳霖,1,1
可貞,0,1
佳穎,0,7
晴方,0,6
恩昕,1,1
佳穎,0,7
容瑄,0,5
亭妤,0,1
嘉伶,0,5
彥廷,1,8
瀚緯,1,9
泓睿,1,5
佳壎,0,3
靖淇,0,5
采柔,0,2
國展,1,4
瑋,1,0
竹涵,0,6
宜漮,1,4
承勳,1,7
薇如,0,9
唯竣,1,6
祥威,1,8
妤蓁,0,6
冬青,0,3
秉希,1,8
承芳,0,9
同聆,0,7
怡欣,0,8
逸駿,1,1
于筠,0,3
向崴,1,6
匚允,1,0
皓哲,1,9
登榞,1,2
世斌,1,6
如婷,0,1
美芳,0,3
家駿,1,4
紫軒,0,0
創渝,1,9
仁軒,1,8
虹甄,0,0
佩珊,0,7
柏安,1,2
昱芳,0,6
尹華,0,1
彥廷,1,2
政宏,1,7
威凱,1,8
建恩,1,9
庭輔,1,2
俞文,0,9
映萱,0,3
樂詠,0,0
晉豪,1,5
牧哲,1,1
牧鴻,1,9
貞臻,0,5
煒慈,0,3
丞蔚,1,2
其軒,0,5
子諒,1,0
瑀凌,0,8
靖富,1,0
霆威,1,4
橙運,1,9
文婷,0,9
聿璿,0,8
苡瑄,0,1
逸澤,1,0
思越,0,2
韋志,1,9
郁芯,0,5
加宇,0,8
子豪,1,7
桀旭,1,6
世恩,1,6
紹綸,1,9
凱毅,1,2
義則,1,2
語宸,0,9
建瑄,1,9
柏舟,1,4
宜靖,0,1
佳穎,0,4
宸誼,1,9
翔詮,1,7
卉穎,0,7
玟均,0,5
則宇,1,2
郁庭,0,9
貫華,1,2
宇揚,0,8
棨華,1,8
梅玲,0,2
心韻,0,5
作有,1,6
予恩,1,6
昱昕,0,3
亞辰,0,7
品優,0,7
蕙瑄,0,6
宜妘,0,7
致霖,1,5
琪潔,0,7
逢君,1,1
家樂,1,8
方郁,0,6
力心,0,0
毓中,1,4
睦其,1,1
欣妍,0,8
忻宸,0,3
士凱,1,2
茗梵,0,1
宇廷,0,4
冠甄,0,9
玟甄,0,2
宜蓁,0,9
恩慈,0,0
維鈞,1,0
昭銘,1,6
竑睿,1,9
增祐,1,3
真綸,0,3
芝媚,0,4
乃文,0,6
益鳴,1,1
凱琍,0,8
紫葳,0,0
詠薇,0,7
子瑜,0,4
培瑄,1,4
欣妤,0,1
登堯,1,4
承庭,0,0
怡臻,0,7
允中,1,5
婷方,0,2
亦鴻,1,7
佳祐,1,4
芝晴,0,4
亞萱,0,7
筑雯,0,8
玟慈,0,6
宥鈴,0,5
睿謙,1,3
育修,1,0
捷宜,0,6
雁綾,0,6
丞棋,1,5
彥均,1,7
奕蓁,0,2
靚妤,0,0
宇笙,1,5
崇智,1,1
婷雅,0,2
忻妤,0,8
安哲,1,6
毓淇,0,2
勝和,1,8
凱棻,0,7
俐妏,0,1
之奇,1,6
函,0,1
真人,1,0
純綾,0,4
崧均,1,0
青璇,0,0
婕琍,0,2
育丞,1,6
婕妤,0,0
昀蓁,0,7
淨怡,0,1
虹哲,1,9
承翰,1,0
沛辰,0,6
冠淇,1,5
致鈞,1,2
承浩,1,3
玟妤,0,8
煥凱,1,4
楚玲,0,8
昕華,0,7
伯儒,1,5
靜怡,0,8
以萱,0,4
永祈,1,1
侑辰,1,4
承儒,0,2
淳詳,1,0
坤哲,1,6
妤庭,0,8
筠晴,0,4
楷研,0,1
川烽,1,5
靖耘,0,4
亭妮,0,3
君暉,1,8
書宇,0,7
育薰,0,9
韻琁,0,6
芃媗,0,0
威丞,1,0
嘉成,1,6
仁慈,0,4
丰,1,9
芊芃,0,9
意婕,0,0
嘉誠,1,7
雲昉,0,6
繁瑋,1,2
有群,1,2
邦佑,1,1
憲緯,1,0
嘉峻,1,0
惟欣,0,3
詰泰,1,2
守崎,1,6
耀陞,1,8
明諭,0,7
祈維,1,3
柏瑜,1,3
忠穎,1,6
名儀,0,9
怡萍,0,3
芊茱,0,1
丞捷,1,8
育偉,1,2
安惠,0,9
秉程,1,0
娟綾,0,7
珈霈,0,1
皓中,1,9
勝上,1,3
軍璇,0,4
昀蓁,0,3
秉橙,1,8
靖彤,0,7
威佑,1,4
柏榕,1,0
柔,0,8
宜庭,0,7
維凱,1,8
宇銘,1,1
顥,1,3
純禎,0,4
宇涵,0,7
欣于,0,6
祥智,1,7
名洋,1,9
柏軒,1,7
宜芳,0,7
逸芃,1,5
暐哲,1,1
育嬋,0,9
柏諺,1,7
祐妤,0,2
芯瑜,0,7
明念,1,2
佩璇,0,2
富同,1,9
舒愷,0,2
翊超,1,0
惇惠,0,4
嬿顓,0,5
昭容,0,5
詩芳,0,8
鈺琇,0,0
有樂,1,3
葳葳,0,6
佳妤,0,3
愷玓,0,1
宇倩,0,0
彥廷,0,8
愷佑,1,3
迦晟,1,7
琇文,0,6
郁淇,0,9
語絜,0,7
廷萱,0,9
榆翔,1,9
怡智,0,4
甄茵,0,2
佑擇,1,6
柏霖,1,4
亭葶,0,9
柏璋,1,6
芊華,0,4
冠佑,1,8
品璇,0,6
語彤,0,9
婕羽,0,3
儀庭,0,2
雅云,0,8
寶薇,0,0
岱蓁,0,3
知言,0,1
舒平,0,4
庭誼,0,5
琮祐,1,9
婉如,0,1
詩云,0,2
日晟,1,8
聚偉,1,8
汎書,0,7
婕寧,0,3
大麟,1,9
科甫,1,7
育貞,0,6
子涵,0,7
昱誠,1,9
嘉徽,1,0
胤媛,0,8
思攸,0,3
凱筌,1,1
宇軒,1,3
祺媛,0,3
晉德,1,8
詳鈞,1,0
玄如,0,0
丞宜,0,0
育丞,1,5
承志,1,1
彤芯,0,0
彥宇,1,6
柏升,1,4
承恩,1,1
宇安,0,3
怡安,0,5
佳軒,0,1
智宏,1,0
昱綺,0,3
勗銘,1,6
妤慈,0,2
榮星,1,3
科羢,1,6
駿生,1,3
聖崴,1,1
良美,0,6
予姍,0,0
妤萱,0,4
芯瑜,0,6
邑家,1,3
希芸,0,9
淇奧,1,5
泓佑,1,4
進弘,1,2
品瑄,0,0
羿寧,0,3
薇筑,0,3
承彧,1,8
允中,1,3
晟閎,1,7
奇佑,1,6
若華,0,4
彥容,0,6
家慈,0,6
宥肜,1,5
佳荳,0,0
定謙,1,7
芊榕,0,5
怡蓁,0,3
絨毫,1,1
瑀頡,0,4
則暐,1,7
淯誠,1,1
美鈞,0,7
庭維,1,7
芷婷,0,3
嘉駿,1,8
宇宣,0,0
惟筑,0,2
雅惠,0,0
銘佑,1,5
凱翔,1,7
如新,0,3
子恆,1,0
子萱,0,1
詠怡,0,1
上萱,0,0
懿城,1,7
獻之,1,8
士恩,1,7
宜霈,0,0
祥維,1,3
馨儀,0,1
煒桀,1,2
堯翔,1,1
昱中,1,3
采月,0,1
嵩樵,1,5
智躍,1,9
汶諼,0,1
光禹,1,7
妤慈,0,8
姿瑩,0,5
冠霆,1,2
佳璇,0,6
予安,0,5
梓芫,1,4
家慈,0,9
憲霆,1,6
辰玹,1,7
宗豪,1,0
逸蓁,0,4
宜君,0,7
柔均,0,3
若威,0,6
嘉璇,0,7
子心,0,2
彥呈,1,9
可婕,0,6
凱薰,0,4
鴻,1,7
彥博,1,6
紫怡,0,1
郁苹,0,1
耀霆,1,9
國彬,1,9
晉瑄,0,1
楷和,1,2
政理,1,3
梓崵,1,2
祉賢,1,2
尚諼,1,3
采婕,0,2
彥宇,1,7
沁,0,6
克恩,1,2
芊芊,0,4
莉恬,0,0
嘉和,1,4
昭丞,1,4
陽萱,0,5
沂霈,0,9
宜萱,0,9
岳宸,1,6
喻絜,0,6
紫妤,0,3
昕妤,0,6
宏偉,1,8
紫彤,0,7
子豪,1,7
行健,1,9
紫涵,0,7
佾慶,1,1
妘,0,9
克丞,1,0
語優,0,2
彥儒,1,9
名瑋,0,9
念淨,1,7
子喬,1,7
義翔,1,6
韋潔,0,0
翎喬,0,1
芃潔,0,9
帷寧,0,9
靖茹,0,2
宸昕,1,0
晉寬,1,6
芷瑜,0,0
靜宜,0,0
羿,1,3
荻倫,1,3
羽宸,0,4
喜文,1,9
庭碩,1,7
益弘,1,3
盈萱,0,0
子軒,1,4
哲瑋,1,3
曲妅,0,9
依庭,0,0
宛蓁,0,5
晴安,0,6
思廷,0,2
政廷,0,1
雋寬,1,5
蓉,0,9
宜琳,0,1
堪丞,1,0
靖揚,1,0
長恩,1,4
皓宇,1,4
格瑋,0,8
齡尹,0,3
怡君,0,3
心蓮,0,9
言序,1,9
潔妮,0,7
蓉萱,0,9
孟潔,0,4
秉諺,1,5
彥君,0,3
柏熏,1,0
鼎楚,1,1
瑋容,1,6
首吉,1,0
致陽,1,9
喬棻,0,2
佳芸,0,5
祐嘉,1,3
書帆,1,2
柏勳,1,2
思妤,0,2
豊駿,1,0
宣荏,0,7
峻愷,1,3
洛君,1,9
祐任,1,8
喬琳,0,4
芷彤,0,5
晴茵,0,7
奉諭,1,0
于宸,1,6
宜婷,0,0
悅佳,0,7
易達,1,0
維蓁,0,8
薰怡,0,4
星麟,1,4
曼君,0,2
佩妤,0,8
瑜庭,0,2
上萱,0,1
鈞鴻,1,5
芳怡,0,7
莞淇,0,6
哲瑋,1,9
杰妮,0,2
語婕,0,6
映辰,0,8
晉權,1,5
昕蓉,0,1
惠心,0,0
芷苓,0,7
浩宸,1,3
嘉育,0,7
仕桓,0,7
平遠,1,6
俐羽,0,3
廷倫,1,9
皓志,1,1
雅茜,0,1
舒斐,0,9
柏勝,1,8
愷珈,0,0
庭緯,0,9
伊萱,0,9
安霓,0,5
上嫥,0,4
仁忠,1,9
力軒,1,0
維焜,1,3
威聿,1,5
致維,1,8
天怡,0,7
友廷,0,9
乃文,0,1
彥婷,0,6
志權,1,3
佑杰,1,1
胤維,1,3
雨靈,0,2
韻安,0,6
靜約,0,6
詔宇,1,9
品謙,1,1
慶璋,1,5
予心,0,8
瑋,0,6
紹華,1,4
淮苓,0,1
曙臨,0,6
承慶,1,3
玉青,0,1
羽柔,0,3
珮毓,0,0
晨欣,0,6
晏方,0,9
恩加,0,1
凱茵,0,7
智翔,1,8
若綾,0,9
昕宥,1,0
滿恩,0,9
湘庭,0,0
威綸,1,0
筱萱,0,3
喜加,1,5
馨方,0,3
資茵,0,1
立,0,6
宜佑,1,1
憲騏,1,8
聆臻,0,2
奕璇,0,5
品君,0,7
奕安,0,9
俞安,0,8
韻文,0,0
予潔,0,5
凱,1,8
郁蓁,0,3
昱全,1,7
玉晴,0,1
子芳,0,4
祐良,1,6
心妤,0,1
維珍,0,9
玫汝,0,2
亞聖,1,4
婷禹,0,0
煒倫,1,8
詩祺,1,4
軒豪,1,1
媛伊,0,2
玟穎,0,4
芸菲,0,2
彥凱,1,3
軒佑,1,6
彥宇,1,9
郁軒,1,3
育純,0,0
永嘉,1,8
言襄,1,0
嘉萱,0,7
佑福,1,2
俊霖,1,3
宇紘,1,4
士捷,1,3
娜亞,0,8
瑀倢,0,4
唯珈,0,7
允柔,0,4
冠霖,1,9
怡忻,0,3
福賢,1,5
佳翎,0,3
柏良,1,0
巧霖,0,8
冠妤,0,2
昕俞,0,4
彥儒,0,9
婷媗,0,2
廷暉,1,5
士翔,1,5
玥,0,9
瑋培,0,3
杰綸,1,4
靖哲,1,3
采玲,0,8
彤,1,2
芊霓,0,2
智翔,1,9
穎萱,0,2
季軒,0,0
瑄哲,1,6
盈嬡,0,2
苡嫙,0,1
育鋒,1,3
昀衡,1,4
郁茹,0,6
郁喬,0,5
宏鎮,1,7
云禎,0,2
嘉禾,0,4
尚樺,1,8
芸慈,0,6
禮謙,1,2
廷嘉,1,9
智禹,1,3
于瑄,0,3
雋杰,1,6
沛璇,0,1
鈞銓,1,2
建奇,1,8
佳容,0,3
聖傑,1,3
宗凱,1,1
睿麟,1,7
琳慧,0,5
少瑩,0,0
美君,0,0
安琪,0,6
姿瑜,0,6
建程,1,0
鈞偉,1,5
昀婷,0,7
翊翔,1,8
其叡,1,4
宜庭,0,9
翠翎,0,1
欣妤,0,4
驊祐,1,8
昱蓁,0,4
佳謙,0,6
芃岑,0,0
宣穎,0,4
奕旭,1,2
宜薇,0,8
君逸,1,8
鐸薰,1,1
嘉柔,0,1
宥晴,0,4
淳,1,7
韻涵,0,5
逸晞,0,4
姿怡,0,4
又宇,1,3
又冉,0,2
萱萱,0,9
彥廷,1,0
稜竣,1,4
霏,0,4
宛昕,0,3
柏頤,1,4
孟臻,0,1
彥妤,0,6
詠翔,1,0
士宸,1,9
承恩,1,1
妍諭,0,6
孟祺,1,5
健勳,1,6
維宏,1,3
昕和,1,9
宇宸,1,2
皓允,1,4
宗詮,1,6
承恩,1,3
彥碩,1,8
靖哲,1,6
賢霖,1,9
宸頡,1,6
采沛,0,7
鉑恩,1,3
則圻,1,6
采萱,0,8
鈺欣,0,2
士嘉,1,3
少軒,1,6
婷之,0,7
翔宇,1,6
姿佩,0,7
倍瑜,0,7
士朋,1,6
立研,1,2
少玗,0,5
采彧,0,1
培翔,1,2
俐媛,0,1
宏瑾,0,8
語涵,0,4
品蓉,0,8
培萱,0,8
世昌,1,2
少樺,1,0
世昕,1,2
云揚,1,4
紘豪,1,7
川玉,0,4
雅綺,0,4
柏毅,1,5
彥霖,1,0
慈元,1,7
詠擇,1,5
存恩,1,9
靖蓉,0,0
冠瑾,0,9
惠安,0,4
琮偉,1,6
雨軒,0,2
若文,0,7
廷恩,1,8
苡禎,0,7
翊玫,0,4
以筑,0,5
亮頤,0,1
浩哲,1,5
昀軒,0,2
彤宇,0,2
子璿,0,8
采華,0,4
恩汝,0,1
辰宇,0,3
育柔,0,0
宥廷,1,2
瑄,0,2
穆家,0,7
柏叡,1,6
瑋恩,1,6
泓明,1,5
沛璇,0,3
建忠,1,9
顯恩,1,5
翔澤,1,0
宗陽,1,1
麒融,1,3
易,1,8
思妤,0,5
恩妤,0,7
羽晴,0,4
庭瑜,1,2
宇君,1,7
鈞彥,1,0
子容,0,9
建宏,1,8
宥盛,1,0
雅筑,0,6
長毅,1,0
丹那,0,0
佳穎,0,9
冠廷,1,6
凱翔,1,7
倚齊,0,5
冠霆,1,1
晉豐,1,0
柏佑,1,2
芸嘉,0,7
宜君,0,7
運宏,1,1
靖宣,1,9
昱,1,9
仲恆,1,0
奕歡,0,4
韋彤,0,2
芳妤,0,7
惟燁,1,6
停偉,1,0
佳筠,0,9
惇妤,0,0
妤文,0,7
千茹,0,2
予謙,0,3
尚儒,1,0
思萱,0,9
柔安,0,8
家吟,0,6
宜展,1,0
羽翔,0,6
季衡,1,9
茹涵,0,6
柏諺,1,7
柏丞,1,4
苡禾,0,1
益瑄,1,2
瑋邦,1,3
華緯,0,4
瑞銘,1,6
靖蓉,0,7
喬安,0,6
子彤,0,4
亭妤,0,2
芯語,0,1
秉珈,1,8
景鈺,0,5
新喬,1,3
程翔,1,1
亦擎,1,9
典杉,0,6
鈞翔,1,6
紫詅,0,1
景泰,1,3
郁宣,0,8
奇珍,0,9
綠蒂,0,7
映翔,1,1
佳嫺,0,7
湘婷,0,5
怡禎,0,7
凱任,1,9
彥庭,0,7
麒緯,1,9
銘渝,1,1
季庭,0,2
聖哲,1,4
彥廷,1,1
昱維,1,1
瀅樺,0,3
壯丞,1,6
紫祥,1,9
唐寧,0,2
紜均,0,5
昱傑,1,2
思羽,0,3
琬宜,0,1
宥彤,0,7
芷蘋,0,1
聿舜,1,5
筠媜,0,9
亞倩,0,9
育晉,1,7
羿良,1,5
靖勛,1,6
偲語,0,7
馨云,0,6
希芃,0,0
聿淇,0,9
芷瑄,0,6
若曈,0,5
妤萱,0,1
慎禧,0,5
宛諭,0,8
依庭,0,6
冠蓉,0,5
凱玉,0,5
欣蓉,0,4
韋辰,1,0
微珊,0,7
時褕,0,1
瑞妤,0,5
柏均,1,0
麒安,1,4
恭泓,1,5
湘蓉,0,6
俞蒨,0,3
維芯,0,8
禎玥,0,5
歆絜,0,7
千茵,0,2
怡,0,4
文妤,0,7
瑜萱,0,1
平,1,9
耀銘,1,2
彥均,1,3
緯宸,1,9
永駿,1,6
為程,1,6
馨珮,0,9
雨曈,0,2
詩庭,0,7
汎助,1,8
侑哲,1,5
兆軒,1,1
瑱,1,1
維妤,0,3
睿杰,1,9
德晏,1,1
映璇,0,0
元,1,7
依宸,0,8
德玉,1,9
威凱,1,3
力仁,1,1
彥綸,1,9
亭霓,0,4
宗怡,0,1
誼瑄,0,2
子丞,1,4
興家,1,8
思妤,0,9
愷芯,0,6
友甫,1,1
子函,0,9
典淳,0,2
芃穎,0,3
子康,1,0
顥哲,1,7
奕涵,0,9
友維,1,8
佩吟,0,6
佳璇,0,4
敬中,1,0
姿淳,0,3
曜陞,1,3
峻佑,1,5
辰榆,0,9
杰偉,1,3
淳心,0,6
姿吟,0,4
芷妤,0,0
姈妤,0,3
其璋,1,9
亭,0,5
語彤,0,8
宗茗,1,8
希君,1,3
以晴,0,1
建帽,1,2
明璇,0,7
右晨,1,4
羚蓁,0,7
傳勛,1,6
亦晴,0,5
玉芸,0,5
彥成,1,0
宣雅,0,7
若安,0,7
欣汝,0,2
靖妤,0,9
羢絨,0,1
怡安,0,5
鈺翔,1,4
予晨,0,2
秉宸,1,1
嘉達,1,2
芯頤,0,9
閎碩,1,9
瑞君,0,3
致葦,1,7
英奇,1,8
建樺,1,1
昕,1,7
婷雁,0,2
祐禎,0,8
宏翊,1,9
于瑞,1,3
文晞,0,0
彥妤,0,5
禎元,1,6
凱均,1,8
欣妤,0,9
依蓉,0,8
韻琇,0,1
宏奇,1,0
昱凱,1,8
玉琪,0,6
珽鈞,1,3
冠雅,0,2
尚奇,1,1
菡儒,1,6
友竣,1,4
翰徽,1,2
凱雯,0,3
昱羲,1,7
岳臻,0,5
毓璟,0,2
樂傑,1,6
瑞恩,1,2
宥毅,1,5
語彤,0,1
奇威,1,3
子儀,0,8
溫芮,0,6
登科,1,9
立寰,1,5
雅鈞,0,3
東彥,1,9
永瀚,1,2
沛妤,0,3
呈嫚,0,5
傳喜,0,4
奎穎,1,8
亞軒,0,3
政達,1,5
碩亨,1,3
禎元,1,7
峻霆,1,5
宜婕,0,8
宇萱,0,1
奕萱,0,1
原鳴,1,2
立庭,0,7
宏致,1,6
翔宇,1,9
紫澐,0,4
偉程,1,2
曜綸,1,7
凱婷,0,1
書瑀,0,2
亭柔,0,9
品昀,0,4
婷予,0,3
宛琪,0,3
曉瑄,0,3
榆翔,1,5
宥妤,0,8
茹浤,0,9
宥琦,0,4
于帆,0,8
任達,1,8
易弘,1,8
妤庭,0,7
嘉若,0,4
鈺婷,0,4
晴宇,0,0
濟緯,1,4
思儒,1,6
子棋,1,6
志宇,1,0
秉軒,1,8
以柔,0,9
雅婷,0,2
函叡,1,4
洺瑋,1,1
麗蓁,0,0
佳芯,0,8
品儀,0,1
嘉弘,1,5
毓莉,0,8
汝展,1,1
彥箴,1,2
汶嘉,0,9
茹茵,0,1
庭皜,1,7
柔蓁,0,4
閔毅,1,8
孟璇,0,9
姿穎,0,2
于潔,0,2
昊昀,1,2
宏哲,1,5
奕維,1,9
怡萱,0,5
怡靜,0,8
承忠,1,9
立德,1,8
照勳,1,4
俐嫺,0,6
昌佑,1,3
承禧,1,4
雋硯,1,5
郁慈,0,6
鎮宇,1,2
榆媃,0,2
卉晴,0,7
螢芮,0,0
景皓,1,1
柏凱,1,8
楷奇,1,3
志恩,1,1
千昊,1,1
慕柔,0,9
佳雯,0,9
翊萱,0,5
兆祺,1,0
語彤,0,2
琨育,1,7
柏晏,1,6
信丞,1,8
多加,0,1
育欣,0,0
翎貽,0,1
良盈,0,1
鈺婷,0,9
孟欣,0,3
嘉仁,0,8
伶莉,0,2
賦雲,0,2
亞仕,1,1
湲茹,0,6
兆鈞,1,7
子妍,0,6
柏誠,1,2
郁存,0,9
琬柔,0,1
祐,1,0
邑,1,7
君澤,1,2
柏智,1,9
韋翰,1,0
宸緯,1,4
乙嫻,0,6
于謙,1,5
芸萱,0,0
婕菱,0,4
軒同,1,0
峻豪,1,7
文凱,1,1
柏辰,1,5
典謀,1,7
郁寶,1,2
泳蓁,0,4
育葳,0,8
茂彥,1,8
育晟,1,2
柏勛,1,1
惟閔,1,1
怡嘉,0,8
璽,1,8
捷倫,1,3
宇杰,1,8
藝臻,0,6
俊源,1,3
怡萱,0,4
力昕,1,7
升陽,1,2
邵安,1,2
仕丞,1,6
紫妍,0,9
香楹,0,3
妤蓁,0,7
玠甫,1,3
姿蓉,0,1
宜欣,0,5
品蓉,0,9
承佑,0,9
裕芃,1,4
芷毓,0,8
丁瑜,0,6
虹蓓,0,5
雅屏,0,2
志豪,1,7
凱翔,1,3
思叡,1,9
芸安,0,3
權容,0,0
仁宗,1,4
翰弈,1,3
雅涵,0,4
雙雙,0,8
宜絹,0,2
佳恩,0,0
雅婷,0,0
榮冠,1,5
琇媚,0,5
孟熙,0,4
乃芸,0,9
以芹,0,1
明潔,0,6
紀任,1,2
元亨,1,9
恆嘉,1,1
亭卉,0,3
雯軒,0,8
湘翎,0,1
昀純,0,2
士賢,1,8
湘鍺,1,5
芯妤,0,9
子彤,0,9
冠緯,1,9
冠智,1,4
卉茗,0,6
家禾,1,2
彥綸,1,7
安安,0,3
容栩,0,6
聖庭,1,1
日昇,1,8
佳蓁,0,6
舒涵,0,3
靚怡,0,0
靖恩,0,2
嘉承,1,3
懷元,1,6
雩婷,0,3
世恒,1,6
昕弘,1,4
鈺華,0,6
家瑋,1,9
昱樺,0,2
駿翊,1,0
羽評,0,9
茗為,1,1
邴薰,1,9
存正,1,0
承叡,1,6
玟妤,0,2
佩蓁,0,1
舒婷,0,7
家齊,1,7
承濰,1,3
云昀,0,5
筠鋒,1,6
宥汝,0,3
曜鴻,1,6
博,1,6
廷為,1,4
政皓,1,6
東萌,1,7
姿閔,0,5
岳哲,1,3
庭安,0,5
佳專,0,3
羽菲,1,1
翔諺,1,2
芷均,0,9
維曜,1,3
安,0,0
子顥,1,0
玉慈,0,0
朝明,1,2
虹妮,0,8
允中,1,0
芷嫺,0,0
劭芬,0,4
微蓉,0,6
詠翔,1,9
奕棻,0,0
奕瑋,1,6
柏彰,1,5
定嵐,1,9
秉翰,1,1
宜謙,1,5
馥薇,0,7
博丞,1,1
郁茗,0,0
思丞,1,1
郁翔,1,5
宣,1,9
子芸,0,0
芳瑜,0,4
芷榕,0,3
孟芹,0,7
悌瑩,0,5
祐琳,0,4
思慧,0,5
承叡,1,9
婷玉,0,9
栯慧,0,3
梓薰,0,8
惟傑,1,9
濟恩,1,6
仲崴,1,0
羽晏,0,5
筠傑,1,0
鈺珊,0,2
存笙,1,1
若傑,1,4
若安,0,5
舜淇,0,9
資堯,1,1
淳瑜,0,4
宛宸,0,0
常祐,1,0
韋綸,1,0
玟瑄,0,2
濟民,1,8
艾潔,0,1
尹汝,0,3
丞志,1,1
瑄勤,0,4
芓妤,0,1
沛妤,0,2
盈婷,0,5
書宇,1,0
偉庭,1,4
瑋婷,0,7
千晴,0,0
佩融,0,0
琳怡,0,3
政庭,1,2
姿榕,0,4
靜雅,0,8
宇辰,0,9
子瑋,1,1
巧筠,0,0
育萱,0,3
冠余,0,9
可仁,1,9
宸嘉,1,2
珮甄,0,0
冠儀,0,3
晨軒,1,6
俊賢,1,0
子芸,0,1
竣凱,1,8
永恕,1,1
皓勛,1,5
蔚然,1,4
珈誼,1,8
熙珍,0,3
承旆,1,9
承曄,1,1
楨君,0,6
惟堯,0,7
晨妤,0,6
祐增,1,0
德悅,0,0
孟融,1,0
佩妤,0,8
筠諠,0,8
主文,1,2
穎彤,0,2
廷瑋,1,1
以晏,0,4
淑萱,0,5
晉和,1,8
采翎,0,5
雅蕙,0,7
名惟,1,9
博揚,1,4
睿勳,1,6
仲琦,0,3
僅淀,0,2
羽謙,1,4
佑柏,1,5
栭晨,1,0
奕方,0,2
配羽,0,7
千瑩,0,7
純貞,0,4
俐瑄,0,4
琳勻,0,8
繼正,1,7
姿秀,0,9
芷熒,0,6
伯鴻,1,8
岳彤,0,8
梓軒,1,0
佳鍾,1,8
為旭,1,9
允皓,1,9
振宇,1,0
沛妤,0,3
威誠,1,2
睦庭,0,0
孫沛,1,7
偉軒,1,9
佳錞,0,3
佳原,1,4
凱琳,0,1
倖謙,1,7
貞瑜,0,9
天翔,1,9
哲安,1,3
佩恩,0,1
子甯,0,2
睿辰,1,6
承勳,1,3
佳旻,0,3
湧楨,0,5
翊銍,1,3
彥融,1,2
冠芳,0,6
秉叡,1,9
欣妤,0,2
映瑜,0,3
映萱,0,9
呈恩,1,3
家旻,1,6
瑛鎂,0,5
羿憲,1,8
昀謙,1,8
靖荃,1,3
軒宇,1,5
品兆,1,1
梓瑄,0,7
鈞傑,1,5
予希,0,3
佩瑩,0,3
凱筠,0,2
翌菱,0,4
冠中,1,9
璟萱,0,6
立蓉,0,7
宇翔,1,5
曉葳,0,1
士宣,1,8
琬芸,0,7
席珍,0,8
品臻,0,1
嫚芸,0,9
則惠,0,9
柏愷,1,7
仲博,1,5
芷柔,0,8
伂柔,0,2
一捷,0,8
立和,1,9
宜蓁,0,9
秉原,1,2
凱翔,1,2
喬瑛,0,5
佳栓,1,8
瑋琪,0,0
君豪,1,0
宇涵,0,2
瑞成,1,3
子儀,0,5
詠心,0,3
妍庭,0,0
承希,0,8
子瑄,0,2
名萱,0,1
宇辰,1,9
郁欣,0,5
昕璇,0,9
佳萱,0,3
昊鑫,1,2
偉誠,1,4
承澍,0,0
靜宜,0,1
思樺,0,2
義勛,1,0
怡君,0,9
宣佑,1,7
昀祐,0,9
弘翔,1,5
偉廉,1,3
建智,1,6
巧雯,0,7
靜儒,0,8
彥碩,1,8
至寬,1,5
君榆,1,0
亞芯,0,2
哲維,1,9
品靜,0,0
心婷,0,3
曉庭,0,6
宜臻,0,8
均予,0,5
芸熙,0,0
璞恩,1,5
亭雅,0,3
有博,1,6
靜萱,0,0
芷澐,0,0
郁蓁,0,8
元廷,1,1
姿伶,0,6
甫彥,1,4
子萱,1,1
楊弼,1,7
峻頡,1,6
安琪,0,4
奕婷,0,2
宜靖,0,9
子宸,1,0
芯羽,0,6
柏翔,1,1
棓文,1,2
韋廷,1,2
佳馨,0,9
冠亭,1,8
羿憓,0,1
佳安,0,8
晨安,0,4
鎧寧,0,0
瑀辰,0,5
冠勳,1,8
乙軒,1,2
郁庭,0,3
新慧,0,8
佳蓁,0,1
柏逸,1,9
之茵,0,1
馨顥,1,0
品涵,0,2
秉樺,1,0
嘉慧,0,0
炫佑,1,1
潔蓉,0,3
景洋,1,1
士紘,1,6
泓邦,1,7
雅淳,0,9
翊翔,1,2
力豪,1,1
靖傑,1,1
德謙,1,6
壕坤,1,5
承恩,1,1
思詠,0,2
家禾,1,9
仕宸,1,0
郁翔,1,1
仲城,1,4
庭紜,0,5
宇軒,0,7
庭安,0,2
雨蕎,0,7
冠穎,1,8
思翰,1,0
美榆,0,6
楷宸,1,9
靖宸,1,0
虹君,0,8
可邦,1,3
健哲,1,2
巧萱,0,2
梓安,1,0
翎卉,0,5
宜萱,0,2
緗緹,0,2
廷勳,1,4
亞祺,0,8
君瑄,0,5
宣翰,1,7
苡廷,0,9
佑睿,1,9
宜勳,1,7
耆玄,1,4
錫瑞,1,1
亮瑩,0,3
弘諭,1,0
薇庭,0,3
凱伊,0,2
立展,1,8
育婷,0,9
鈺婷,0,4
羽彤,0,6
新荃,1,4
季侖,1,4
浩宇,1,7
昱廷,0,7
妤心,0,2
天樂,1,7
語庭,0,7
芷綺,0,9
宣羽,0,4
宛忻,0,7
宜憓,0,6
哲宇,1,5
久又,1,8
承翰,1,3
家赫,1,6
之豪,1,5
凡頡,1,4
奇軒,1,9
宸安,1,8
松如,1,4
佑祥,1,7
智明,1,9
嘉恩,0,1
禹蓉,0,0
彥呈,1,1
喻晴,0,6
翰清,1,3
晉玄,1,4
駿瑋,1,9
南心,0,0
凱逸,1,6
佾媗,0,3
峻瑜,1,2
幸慈,0,5
念恩,0,5
齊苓,0,8
哲瑋,1,3
昱蕙,0,8
昀貞,0,4
梓揚,1,5
曄,1,7
竣翔,1,0
宸,1,4
凱宇,1,5
紹竹,0,9
安琪,0,4
聖崴,1,9
泰言,1,1
宥廷,1,7
和婷,0,2
楨晟,1,2
庭瑋,0,2
睿廷,1,4
又銘,1,8
楷博,1,9
仁愷,1,5
柏皓,1,2
柏棋,1,7
瑜芳,0,2
芃文,0,6
聖宸,1,4
昀澍,1,8
家萱,0,8
奕安,0,2
心婕,0,6
偉喬,1,6
庭妤,0,8
鎮洹,1,8
楷翔,1,0
沛容,0,9
亞軒,0,3
棋鋒,1,0
律銘,1,5
柏喻,1,2
楓嵐,0,2
妘婕,0,9
琮益,1,2
政遠,1,1
芳瑜,0,1
柏辰,1,1
芷柔,0,2
昕融,1,4
芷悅,0,5
鈺博,1,9
威帆,1,8
郁晴,0,1
胤萱,0,4
庭蓉,0,7
奕憲,1,8
瑜庭,0,1
義峰,1,3
妤婕,0,8
筠庭,0,9
郁婷,0,6
瑩萱,0,2
于琇,0,0
慈欣,0,1
瑄含,0,5
秉翰,1,4
俊誠,1,9
新,1,9
翔霖,1,9
育晴,0,1
秉芸,0,9
庭如,0,3
雁雯,0,5
誼萱,0,3
靖芸,0,9
語倢,0,1
翊琁,0,2
重光,1,7
燕愉,0,5
哲安,1,9
書瑋,0,6
芷芸,0,1
喜容,0,6
友維,1,8
嶸均,1,3
柏瑞,1,7
益銘,1,3
悅庭,0,4
亭嘉,0,3
有中,1,1
長印,1,6
子軒,0,4
嘉儀,0,3
惟涵,1,0
恆,1,5
鈺雯,0,0
光德,1,0
承雍,1,2
品彤,0,8
雅薇,0,2
聖凱,1,0
柏翰,1,5
芃穎,0,5
彥蓁,0,5
柏宏,1,6
學謙,1,3
祐寬,1,9
雅庭,0,7
煒斌,1,5
姿綺,0,1
宴棋,1,9
恩廷,1,3
政修,1,6
岱安,0,7
奕翔,1,6
家捷,1,5
尚恩,1,8
宇彤,0,7
采伶,0,8
思湲,0,3
宗諺,1,7
柏淞,1,6
佳霙,0,8
兆恩,1,8
恩晴,0,9
女勻,0,2
書榕,0,5
孝忻,0,1
穎寬,1,4
承哲,1,9
柏榕,1,7
雋綸,1,8
鈺婕,0,1
庭語,0,5
莉穎,0,2
太一,1,9
皇睿,1,1
芷芸,0,0
采容,0,1
子齊,1,9
翎雅,0,0
文菁,0,4
子樂,1,0
信霈,1,4
兆賢,1,4
則諺,1,7
欣倪,0,5
昀芳,0,0
英琦,1,2
琮葆,1,8
晴予,0,1
偉城,1,9
芃羽,0,2
以琳,0,6
詠丞,1,4
宇辰,1,1
彥禎,1,8
明翰,1,9
佳樺,0,6
承諺,1,3
咨妘,0,9
珮瑜,0,7
心佑,0,6
世昀,0,5
昱彬,1,2
奕誠,1,8
雲瑋,0,8
峻誠,1,9
嬂云,0,5
唯爾,1,3
睿倢,0,8
芃欣,0,8
臻廷,0,4
姿妤,0,9
宗龍,1,5
雲,1,7
士軒,1,1
浩倫,1,5
以諾,1,3
明秋,0,6
淳益,1,2
晟瑋,1,4
子耀,1,4
頌恩,1,5
子筠,0,2
恩加,0,5
姿慧,0,3
宸婕,0,4
侑萱,0,6
楷賢,1,4
冠傑,1,8
弘諺,1,1
庭葳,0,9
宇平,1,0
信宇,1,7
佳怡,0,4
曄嶸,1,5
景琦,1,6
亭汝,0,6
嘉萱,0,7
彥樺,1,5
俊璋,1,2
禹安,1,4
立軒,1,8
千謙,0,2
緗翎,0,4
冠樺,1,2
荻涵,0,8
彥澤,1,4
雁馳,1,7
楚逸,1,8
憲文,1,0
紋儀,0,1
麗華,0,3
和謙,1,0
奕安,1,2
君潔,0,2
怡安,0,5
璿如,0,4
芸,0,5
愷容,0,4
韋安,1,9
沛璇,0,0
奕臻,0,6
建陞,1,1
晴玟,0,9
子龢,0,6
妍築,0,7
子謙,1,2
嘉麟,1,7
戎狄,1,5
宸碩,1,7
庭安,0,6
文翰,1,4
奇傑,1,8
芊禔,0,2
晨瑋,1,7
耀中,1,6
郁淇,0,6
正豪,1,8
以囷,0,8
庠宇,1,3
浩鈞,1,0
永旭,1,7
光蔚,1,5
郁涵,1,5
靖,1,6
欣誼,0,0
育萱,0,7
俞蓁,0,0
俐璇,0,7
妤芊,0,5
怡文,0,8
琪蓁,0,2
明諺,1,5
宸妤,0,8
又寧,0,9
栩禔,1,9
柏涵,1,8
佳妤,0,3
心怡,0,6
清荷,0,9
冠霖,1,4
宥蓁,0,5
怡琁,0,0
旭恩,1,4
昕宇,1,7
忻芃,0,0
子學,1,6
意絜,0,0
子瑜,0,4
宥妤,0,9
玉玲,0,2
少遠,1,6
琬琪,0,4
妍媐,0,0
芸芸,0,0
淳瀅,0,6
佳怡,0,2
瑞佑,1,9
祐輔,1,1
庭瑜,0,3
凱婷,0,5
奕伶,0,6
議方,0,4
宜靜,0,0
仕芸,0,4
承諭,1,7
書誼,0,7
昱鞍,1,1
昊呈,1,5
友芳,0,0
湘涵,0,7
懿慈,0,4
曉沁,0,8
欣旋,0,5
恩婕,0,2
奕翔,1,8
俞君,0,2
子傑,1,6
晏廷,1,2
思妤,0,7
伯璨,1,8
泰均,1,1
靖絜,0,6
芝羚,0,5
裕方,1,0
佳恩,0,3
芷葳,0,0
坤農,1,6
莞童,0,5
筠筑,0,9
蓁葳,0,4
禎云,0,2
思萱,0,7
翊,1,2
姵辰,0,5
楷哲,1,2
庭瑜,0,0
育賢,1,2
柏宸,1,0
耕宇,1,0
業荃,1,7
佩恩,0,7
欣宇,1,3
嶔典,1,5
亞澤,1,2
冠廷,1,0
子芸,0,7
佳芯,0,2
品諺,1,8
予荷,0,3
俞羽,0,2
育馨,0,9
軒綺,0,6
棕文,1,8
若晴,0,0
湘翎,0,2
嘉綺,0,7
珮宜,0,8
芷綺,0,4
立誠,1,6
瓊恩,0,7
紹綸,1,3
思竣,1,0
冠廷,1,9
宇珊,0,1
定遠,1,8
亮語,0,2
心翌,0,1
宗男,1,2
詩涵,0,9
泓毅,1,6
岳,1,6
佩瑄,0,4
志遠,1,3
心如,0,8
敬儒,1,6
宜鈞,0,7
彥昀,0,2
姿羽,0,6
奕婷,0,2
元琪,0,0
鈞翔,1,1
均儒,0,4
冠儒,1,6
立崴,1,4
景陽,1,9
之婷,0,4
育棠,1,6
禹潔,0,2
佾薰,0,5
傳昕,0,7
曜宇,1,2
辰穎,0,6
鳳如,0,8
珈誠,1,2
任傑,1,2
晴榕,0,6
子謙,1,6
予程,1,3
伊軒,0,2
之亮,1,0
苓雅,0,8
宥榆,0,3
怡慧,0,1
芸竹,0,7
婕如,0,2
書薇,0,0
宇軒,1,6
芳珆,0,4
采恩,0,7
恩祥,1,6
詠量,1,5
寅綺,0,4
凱芸,0,7
鈜智,1,6
昀倢,0,0
景琦,1,6
向辰,1,8
以恩,0,2
尚霖,1,2
亮涵,0,4
睿緯,1,6
逸芸,0,6
昊,1,5
彥蓉,0,2
昱辰,1,0
誌恒,1,4
元廷,1,8
宥勳,1,6
少崴,1,5
婕瑜,0,8
廷宇,1,3
奕誠,1,2
國椿,1,3
文硯,1,7
立其,0,8
欣蓉,0,4
奕綺,0,2
英齊,1,4
錦琇,0,0
彥榮,1,8
子近,1,7
語柔,0,5
霖,1,1
晉源,1,7
青育,0,1
意捷,0,6
品志,1,7
竑均,1,2
敦昱,1,4
琮霖,1,6
沛妘,0,3
翔屹,1,3
奕晴,0,1
宇柔,0,1
欣玠,1,3
存恩,0,9
祐銓,1,4
熊幗,1,9
茂程,1,7
震祐,1,5
欣怡,0,2
佳敏,0,0
禹丞,1,2
元皓,1,3
偉華,0,7
家維,1,7
峻源,1,3
雅任,0,1
尚邕,1,2
婕瑄,0,5
勝翔,1,1
貞妏,0,6
宛妤,0,4
侑德,1,3
峻晟,1,5
唯柔,0,7
佳林,0,0
如茜,0,7
杰儒,1,6
炅宸,1,1
匚煒,1,7
唯真,0,9
筱瑜,0,2
明堡,1,4
孟耘,0,1
柚融,1,4
倚綸,1,3
桑緹,0,4
君豪,1,1
韋翔,1,1
柏萱,0,2
亭羽,0,6
雅婷,0,8
冠德,1,6
乃瑄,1,6
見心,0,0
奕筌,1,7
宥絜,0,5
芊穎,0,2
俞伶,0,6
珮純,0,7
祐宜,0,7
奕瑄,0,0
柏元,1,2
致遠,1,7
媗,0,4
承佑,1,3
品淵,1,3
翔駿,1,2
安婕,0,1
心怡,0,9
泓君,1,4
淳安,0,9
瑜,0,8
易璟,0,9
采嫻,0,2
巧芯,0,6
育嘉,1,2
子薰,0,8
玟瑩,0,8
竣毅,1,6
冠宇,1,3
恩宏,1,0
沛蓁,0,4
語芯,0,3
優子,0,5
雅琪,0,6
家莉,0,1
儀,0,4
善媞,0,7
建諠,1,1
奕劭,1,5
丞琳,0,6
庭佑,1,5
薇娸,0,2
怡君,0,8
云慈,0,7
軒瑋,1,6
欣容,0,2
均威,1,3
光御,1,5
鈺綺,0,3
怡君,0,1
于軒,0,9
旻佑,1,5
杰蓉,0,2
歆嵐,0,7
楚軍,0,8
采諭,0,4
詠昕,0,3
芸婕,0,5
廷然,1,5
子家,1,5
冠茵,0,1
宏瑜,0,8
妤娜,0,4
其容,1,5
寧方,1,9
楷瀚,1,0
昀熹,0,0
祐鈞,1,3
庭樺,1,0
禹宏,1,2
郁晴,0,2
柏穎,1,1
晴,0,3
沂旻,1,3
博盛,1,9
祐禎,0,1
楷竣,1,3
艾琳,0,8
威成,1,3
均哲,1,2
彥廷,1,0
筑元,1,2
品妤,0,0
義翔,1,0
書瑋,1,2
鈺婷,0,7
佩臻,0,2
姿秀,0,5
顯宸,1,3
敬庭,0,6
灝翰,1,9
承叡,1,2
偉榤,1,0
佑儒,1,2
翊帆,1,6
宥均,0,0
婷,0,2
佩珈,0,5
芷妤,0,9
偉歆,1,5
之云,0,8
東瑋,1,4
佳和,1,3
羿,1,7
君頎,1,5
欣庭,0,2
詠淇,0,6
瑋隸,0,5
家隆,1,4
怡萱,0,4
禹臻,0,4
悅光,1,5
力潔,0,5
宥誠,1,9
旭承,1,6
柏霖,1,3
睿,1,5
祐辰,1,4
尚均,1,8
彥良,1,1
妍廷,0,8
子菁,0,0
宜萱,0,1
梓晴,0,9
品惠,0,4
妍憓,0,8
琳智,0,1
行,1,7
宜靚,0,5
彤宇,0,2
澄元,1,1
誠平,1,7
信智,1,9
煥之,1,9
語瞳,0,2
茂軒,1,1
家帆,1,2
芯平,0,1
濰平,1,3
佳妤,0,0
芷萱,0,8
玉容,0,6
張齊,1,6
承昀,0,3
丞浩,1,8
立妮,0,5
芮琪,0,6
凱恩,1,3
政煒,1,3
宸宇,1,0
揚新,1,9
志鴻,1,2
紫柔,0,2
景華,1,3
權鋒,1,4
軍霖,1,0
威劭,1,6
怡伶,0,4
芝綾,0,9
奕淳,0,8
新祐,1,8
宜謙,0,5
映宇,1,4
昀曦,1,3
冠廷,1,8
柏睿,1,6
紹禎,1,3
世翊,1,6
潔,0,9
凱皓,1,3
宣瀚,1,2
康宜,0,1
妍勛,0,7
思翰,1,9
易晴,0,0
妍希,0,8
聖堯,0,4
繼樓,1,5
思軒,0,5
子雯,0,9
駿明,1,5
品元,1,1
柏蓁,0,1
晏琳,0,5
可蓁,0,6
岑恩,0,5
昀晏,0,9
建智,1,9
之惟,1,1
育民,1,4
羿橙,1,7
晏瑜,0,2
少駿,1,2
芷筠,0,4
禹盛,1,7
可家,0,6
郁茹,0,7
容榕,0,4
瑾寧,0,6
湘琦,0,1
明暉,1,9
威宏,1,7
月言,0,3
琨博,1,5
冠廷,1,7
哲綸,1,1
怡礽,0,4
怡萱,0,2
柏睿,1,7
世賢,1,3
竹恩,1,4
琨祐,1,6
詩恩,0,6
紫琁,0,6
睿彬,1,3
芊潔,0,5
儀萱,0,1
頌叡,1,5
浚銘,1,7
郁軒,1,0
采蓁,0,8
理致,1,7
佩芝,0,3
琮翰,1,9
宇睿,1,9
悅,0,5
人豪,1,7
士銘,1,0
立賢,1,6
菁傑,1,3
品安,1,1
千雅,0,5
宗達,1,1
苡翔,1,1
柏勛,1,4
姵柔,0,9
鴻閔,1,4
肇熙,1,4
郁容,0,0
昱晴,0,1
昀希,0,8
瑋瀚,1,6
展昱,1,2
筠熹,0,3
品瑄,0,7
于萱,0,8
厚均,1,2
羽芳,0,7
明瑜,0,8
俊,1,1
亦安,0,4
丞蔚,1,2
玟毅,1,3
鵬宜,1,4
亮龢,0,8
敬堯,1,1
寧寍,1,4
千語,0,9
揚,1,9
柏瑞,1,1
涵捷,0,7
文軒,1,8
渝凱,1,1
郁涵,0,4
琬婕,0,5
奕泓,1,2
子瑋,1,6
詠鈞,1,1
則成,1,4
安哲,1,2
聖哲,1,5
麗菁,0,2
晢尹,1,3
佳宜,0,9
丞翊,1,4
亞俙,0,0
佩怡,0,4
昀恆,1,1
亞萱,0,3
鈺臻,0,8
睿融,1,8
子欣,0,4
子奇,1,4
嘉雯,0,8
尚恩,1,9
睿恩,1,2
宛靜,0,2
嘉瑢,0,1
穎祈,1,2
博恩,1,8
昱維,1,5
雋晟,1,0
瑜倩,0,8
廷妤,0,0
鈞緯,1,4
祺峰,1,8
函玳,0,9
昀珊,0,5
紹軒,1,2
佳欣,0,8
偲涵,0,1
念華,1,3
映霓,0,5
則羽,0,4
韋翔,1,8
品諺,1,2
琬祺,0,5
士棠,1,3
昱慈,0,6
人瑋,1,8
燿筠,0,4
子瑄,0,8
羽菲,0,5
宜君,0,4
韋杰,1,6
冠妤,0,0
絜茹,0,8
元又,1,3
哲嘉,1,1
加恩,1,1
又瑜,0,1
曦勻,1,1
怡萱,0,4
瀚翔,1,9
如珺,0,2
哲佑,1,0
以薰,0,7
建豪,1,5
珈瑄,0,5
子豪,1,5
姿妤,0,5
雯惠,0,1
玟陵,0,4
柏廷,1,0
佩璇,0,8
乃珊,0,6
又嘉,1,3
彥麇,0,1
惠傑,1,2
純勝,0,3
佩萱,0,3
東君,1,9
欣宇,0,5
信安,1,6
梓瑄,0,8
君翰,1,6
薇,0,3
雋安,1,1
云薰,0,1
璽翔,1,1
珮安,0,4
柏言,1,3
品芸,0,9
冠宇,1,3
虹萱,0,7
柔云,0,5
松益,1,3
依儒,0,8
苡瑄,0,1
育彤,0,9
俞安,1,7
冠廷,1,1
晉官,1,7
宇柔,0,1
偉禎,0,3
鼎仁,1,2
芯渝,0,8
唯紳,1,2
以昕,0,2
彥廷,1,4
獻安,0,7
正航,1,3
靖宸,1,9
兆廷,1,8
逸龍,1,8
哲宇,1,4
邑宸,1,3
琳,0,4
蓁,0,0
婕宇,0,1
宗佑,1,7
子恒,1,0
昭融,1,6
婕如,0,7
家卉,0,5
宥均,1,9
冠育,1,0
毓仁,1,5
冠銘,1,7
孟妍,0,9
川哲,1,3
幼媺,0,5
孟玄,0,6
欣卉,0,1
毓珊,0,9
謦丞,1,5
亞嫻,0,9
淑芮,0,5
琇羽,0,1
鈺洵,1,2
子鈺,0,8
鈺珊,0,5
德宥,1,1
芃萱,0,9
瑋廷,0,6
英選,0,6
筱晴,0,3
傳議,1,0
澈,1,4
裕軒,1,8
元鴻,1,6
承威,1,8
沛璇,0,7
柔瑄,0,8
怡茲,0,5
慕慈,0,8
宗毅,1,0
萱歆,0,7
心譓,0,8
品辰,0,0
宜臻,0,5
婕瑜,0,9
若盈,0,7
捷凱,1,7
崇恩,1,0
佑丞,1,5
鈺智,1,8
琬淨,0,0
子葳,0,3
菁樺,0,8
佳芸,0,1
茹宜,0,7
全恩,1,4
辰軒,1,8
冠廷,1,4
芮槿,0,1
博彥,1,6
宏軒,1,2
廷華,1,0
宜佳,0,1
宗樺,1,0
英榤,1,9
伯輝,1,7
原賢,1,2
宜樺,0,7
傳中,1,8
震宇,1,1
峰慶,1,8
羿杉,0,6
雁品,0,9
東益,1,3
燦樺,0,7
芷羿,0,7
可恩,0,1
子奕,1,0
星龍,1,4
珮瑜,0,1
鈺渟,0,6
茂桀,1,3
昕,0,0
廷嘉,1,8
思慧,0,4
芷萃,0,4
淯喨,1,1
昀芯,0,1
佩筠,0,6
維凌,0,2
瑀萱,0,1
皓理,1,6
安茹,0,7
育愷,1,6
韋志,1,7
珮綸,0,8
榆惠,0,3
緦羽,0,9
祐華,0,2
端容,0,5
宛庭,0,7
倢瑩,0,2
繼弘,1,3
頤婕,0,8
親璇,0,5
之綸,1,7
卉庭,0,2
瑞真,0,7
孟軒,0,8
彥蓁,0,3
祈滈,1,2
少桐,1,5
威融,1,5
善巖,1,3
語晨,0,8
丞峰,1,9
佩瑩,0,8
瑄辰,0,5
儀婕,0,2
育紋,0,4
芷琳,0,4
尚甫,1,0
祐誠,1,3
一森,1,1
誠軒,1,1
真瑤,0,2
于倫,1,6
立甜,0,6
鼎祐,1,4
蓁,0,4
佳美,0,8
昕睿,1,6
伯叡,1,0
凱心,0,6
芝妘,0,9
佳旻,0,8
家綸,1,9
尹蘋,0,6
郁茜,0,4
子悅,1,1
方榆,1,8
家瑋,1,3
可馨,0,5
有信,1,7
晨洋,1,4
冠綺,0,7
士鈞,1,3
竣珽,1,7
玉鹿,0,7
筠雅,0,0
品憲,1,2
心恬,0,2
嘉穎,0,4
堂升,1,7
子寧,0,3
旋超,1,7
品羚,0,5
博仲,1,2
伊辰,0,8
守萱,0,7
涵熏,0,6
景儀,0,5
鴻瑋,1,9
悠綺,0,1
鈺翔,1,1
權祐,1,4
芷菱,0,0
宸歆,0,9
凝香,0,0
瑀鋅,1,6
浩維,1,5
念暉,1,0
鉉尹,1,0
偲琦,0,9
羿芸,0,6
梓寧,0,6
若帆,1,3
煒智,1,2
亭余,0,0
昕柔,0,5
彥岑,1,3
欣晏,1,2
蓁雅,0,5
昱文,0,2
芊柔,0,3
惟悅,0,2
采璇,0,9
昭儀,1,0
詠熙,0,5
莉婷,0,8
幸榆,0,7
郁寧,0,6
聖翔,1,9
睿謙,1,2
心柔,0,3
佳綾,0,3
耿立,0,5
欣汝,0,8
昀庭,0,4
薏潔,0,0
唯芯,0,1
睿軒,1,4
睿杰,1,3
綺恩,0,8
婷,0,3
語洹,0,7
威錡,1,6
詠欣,0,2
璽善,1,3
呈毅,1,5
邦皓,1,9
姵琪,0,5
勻,0,8
紹緯,1,0
庭萱,0,5
士凱,1,7
雅雯,0,7
耕華,1,5
韶安,0,7
維祐,1,9
冠宏,1,9
宸緯,1,1
劭允,1,3
欣妤,0,7
苡珵,0,6
宜臻,0,7
睿謙,1,8
思銥,0,2
宜,1,8
育瑋,0,3
藝錡,0,8
翔,1,3
宇嫻,0,8
怡妏,0,6
筠,0,1
東霖,1,2
青宇,1,2
岳維,1,1
建佑,1,2
廷翰,1,6
祐安,0,8
昱文,1,5
俊彥,1,3
佳郁,0,0
佳蓉,0,7
芸萱,0,6
巧稜,0,7
彥柔,0,2
家萱,0,7
旭承,1,7
方甯,1,2
盛楓,1,7
子慈,0,0
如恩,0,2
俊廷,1,0
琦崴,0,9
采嫻,0,7
予安,0,2
心瑀,0,4
定穎,1,6
郁庭,0,7
赫斯,1,1
怡安,0,5
明婷,0,2
聖勛,1,7
予晴,0,8
俞賢,0,2
奕熏,1,5
品瑄,0,3
筠,0,2
昱期,0,0
璽文,1,9
俊驥,1,0
芷盈,0,7
品婷,0,0
維浩,1,6
以哲,1,0
禾芳,0,1
偉哲,1,6
思愷,1,6
柏昇,1,4
毓涵,0,5
筠蓁,0,6
曜瀚,1,5
維進,1,7
宣佑,1,8
凱菱,0,3
若恩,0,6
恕,1,1
悅,1,5
可晴,0,4
儷月,0,3
瑋杉,0,4
晁慶,1,5
雲佑,1,0
靖甯,0,5
薇如,0,2
羿瑄,0,7
翊芳,0,6
皓宇,1,7
依璇,0,1
欣汝,0,9
家偉,1,4
廷威,1,9
健丞,1,5
彥竹,0,4
羽涵,0,9
芳瑜,0,5
承岳,1,5
怡均,0,8
念嘉,0,3
悅綾,0,9
明翰,1,5
岑宜,0,2
冠儀,0,5
奕郡,0,7
松喬,1,8
恩廷,1,6
紋柔,0,1
星安,1,6
鈺筑,0,3
心榆,0,3
昶睿,1,1
政勳,1,6
士謙,1,5
富涵,1,7
柏丞,1,6
佩瑄,0,8
建宇,1,3
式功,1,2
心瑜,0,1
冠伶,0,5
佩蓁,0,2
勇縉,1,3
右霖,1,6
亭妤,0,9
博智,1,8
名昂,1,9
詩璇,0,4
承嘉,1,6
一安,0,7
韶恩,1,2
謙睿,1,2
俊哲,1,0
振暘,1,8
耘朋,1,0
書齡,0,4
瑢淇,0,8
至貞,0,3
證翔,1,8
弦,1,0
育瑋,1,3
巧綸,0,3
思璇,0,4
重嘉,1,3
朋員,1,1
筱庭,0,2
雯婷,0,9
采榆,0,7
欣芸,0,8
香梅,0,7
華涓,0,3
品瑜,0,7
家紳,1,9
雅棋,0,6
惟寧,0,0
彥翔,1,3
鈺婷,0,5
詠惟,0,6
建毅,1,3
侑縉,0,4
允謙,1,6
嘉怡,0,3
莘怡,0,0
逸晏,0,9
紹華,0,5
昕瑋,0,9
芷庭,0,2
岳霖,1,8
睿杰,1,9
雯婕,0,2
薪語,0,3
曼菱,0,1
珮妤,0,5
尹薰,0,7
宏哲,1,4
庭毓,0,9
倩,0,7
惟筑,0,7
佳悅,0,4
皓瑋,1,4
忠諺,1,4
旻諼,0,2
羿翔,1,4
宗霖,1,6
鈺萱,0,9
慧鈺,0,0
方豪,1,8
偉丞,1,5
柏維,1,1
柏睿,1,0
安筠,0,5
育婕,0,9
珮涵,0,6
筠,0,9
牧芸,0,6
東駿,1,9
銘升,1,9
郁翔,1,9
詠璇,0,6
庭毓,0,1
堯順,1,6
禹舒,0,2
凱翔,1,6
尚軒,1,2
芝瑜,0,0
奕傑,1,7
芸汝,0,3
翔宥,1,7
南英,0,6
柏凱,1,6
崇愷,1,1
子耘,0,8
軍翰,1,0
首忠,1,4
思允,1,7
雅雯,0,4
亦均,0,3
熙舜,0,2
以帆,1,6
靜如,0,7
婉瑜,0,4
瑛燦,1,3
立威,1,9
嘉柔,0,5
維軒,1,5
宜舫,1,6
恆,1,9
谷謙,1,9
良錡,1,6
蓮香,0,1
淇,0,0
昀承,1,7
元榮,1,9
昱銓,1,5
心沛,0,5
靜琦,0,7
祈宏,1,2
永諭,1,2
俊龍,1,5
泓傅,1,2
宜睿,1,6
沚庭,0,6
誠佑,1,9
宗穎,1,5
翔霖,1,4
程崴,1,6
宣妤,0,6
盟竣,1,6
菀云,0,0
雨彤,0,0
映君,0,9
明燁,1,6
定謙,1,4
書緯,1,8
冠鈞,1,0
曼齡,0,0
睦尊,1,6
通達,1,3
峻豪,1,1
子陽,1,4
君昊,1,3
麗格,0,4
軒銘,1,3
昀真,0,7
承漢,1,1
菀庭,0,3
澍耀,1,4
緯橋,1,4
暉哲,1,7
依釩,0,4
宣宇,0,1
海茵,0,0
彥臣,1,2
芷柔,0,1
振祥,1,4
證哲,1,9
奕嫻,0,6
軒銘,1,5
豫謙,1,1
鴻維,1,3
宗緯,1,7
芳綺,0,8
沄葶,0,0
彥杰,1,2
冠妤,0,8
馨儀,0,5
奕辰,1,0
亭瑄,0,7
泓志,1,6
思云,0,5
宛芸,0,2
家呈,1,6
宇軒,1,3
映樺,0,8
綺萱,0,6
顏蓨,1,7
亭筠,0,1
主悅,0,3
春華,0,3
馨蕙,0,3
芃云,0,0
依璇,0,9
榮哲,1,5
緯宸,1,8
之展,1,2
柔彤,0,3
冠維,1,6
慶誌,1,6
岱曄,0,2
子敬,1,2
致佑,1,2
于萱,0,4
祖嫻,0,1
楠凱,1,5
仁愛,0,9
之宸,1,4
仲杰,1,0
秉洋,1,0
小芩,0,8
思岑,0,2
劭任,1,7
元馨,0,6
筠庭,0,4
芷筠,0,1
諾安,0,7
辰,1,5
季錚,0,1
珮芯,0,9
大芳,0,4
若儀,0,2
佳茜,0,8
冠麟,1,7
柏寰,1,1
旖倪,0,2
柏維,1,4
祈緯,1,1
韋亨,1,5
文欣,0,9
彥博,1,5
宇柔,0,5
秉廷,1,1
語芯,0,3
之韓,0,7
哲嘉,1,2
柏年,1,3
沅宸,1,6
可現,1,7
妤謙,0,1
靖,1,6
芯妮,0,1
子嵎,1,7
瑋佑,1,3
維謙,1,6
煦宜,0,9
美芳,0,9
譯萱,0,2
可恩,0,7
品陞,1,3
羽晞,0,2
景芹,0,3
柔薰,0,3
翊瑄,0,9
懷平,1,3
堂恩,1,4
書瑜,1,6
智翔,1,1
奕均,0,6
耕語,1,7
宥貴,0,4
庭瑀,0,8
昱瑋,1,0
逸靜,0,0
瑀,0,7
力仁,1,7
紹恩,1,1
品蓉,0,7
家維,1,4
雅文,0,4
映庭,0,8
昊安,1,8
宜詠,0,7
 翰,1,0
子磊,1,9
聖恩,1,3
卉昀,0,2
品岑,0,4
楙惟,1,0
珮慈,0,2
晴云,0,8
巧宜,0,1
勛皓,1,3
銘晟,1,3
亭維,1,1
新程,1,5
承澔,1,4
采妍,0,5
灝,1,0
楷文,1,0
佳祐,1,7
德裕,1,7
以安,0,2
心霈,0,8
亮宏,1,1
瑋佑,1,7
蓉蓉,0,7
詠勤,0,7
晉勳,1,3
政皓,1,0
紫翎,0,5
昱智,1,6
姿齊,0,2
郁芳,0,9
梓誠,1,7
亭瑄,0,3
逸軒,1,7
承翰,1,2
孟儒,0,5
莘亞,0,2
伶音,0,5
汎奇,1,5
寧萱,0,5
鈺淳,0,3
慧羚,0,7
心慈,0,7
珮慈,0,1
晨希,0,2
傳笙,1,5
宸宇,1,9
妙樺,0,0
雅如,0,3
京柏,1,9
士耘,0,7
智宸,1,5
羽婷,0,4
欣楷,1,6
姿妤,0,2
昕妤,0,3
佩宏,0,2
冠宇,1,3
景云,0,5
俐,0,1
侑耘,0,6
涵靚,0,0
怡萱,0,3
鈺霖,1,2
緯倫,1,6
鈞軫,1,1
薇涵,0,5
心志,1,0
嘉紜,0,7
允浩,1,6
上毅,1,0
亮綸,1,6
薇,0,7
瑋哲,1,6
鼎鈞,1,3
凱婷,0,7
詒婷,0,9
廷杰,1,9
子語,0,0
品毅,1,6
菀宸,0,5
恩瑞,0,6
心瞳,0,0
力瑋,1,0
建樺,1,5
凱淯,1,2
晴文,0,7
婕綸,0,9
采玉,0,3
墨林,1,4
日騫,1,1
亦豪,1,1
苙慈,0,5
怡婷,0,7
尚緯,1,9
為翰,1,5
律惟,1,2
杭澐,1,5
芸禎,0,9
宛庭,0,1
雨蕎,0,6
定允,1,6
姿霈,0,0
佳芸,0,2
晴茵,0,8
沛宏,1,9
佳穎,0,5
晨心,0,2
育家,0,4
俊杰,1,9
竣傑,1,1
原翊,1,7
又方,0,9
博宇,1,8
浩益,1,0
逸翔,1,9
宣婉,0,2
睿樸,1,8
奕宏,1,6
竣鴻,1,8
星皓,1,7
宥禎,0,3
宛蓁,0,2
姿廷,0,3
維汝,0,1
孟擎,1,7
慶維,1,3
昕禕,1,8
曼寧,0,6
睿詮,1,7
玉玲,0,8
又瑄,0,6
詠淇,0,1
歆詠,0,1
啟銘,0,5
采忻,0,6
炫劭,1,0
郁,1,8
昀叡,0,2
怡萱,0,6
奕甯,0,5
舜禹,1,4
宜樺,0,9
敬妤,0,7
祐希,0,8
妏嘉,0,0
張瑄,0,0
映辰,0,6
柏翰,1,3
彥銘,1,2
璟嫻,0,9
沛蓁,0,2
時葳,0,2
婷姍,0,5
賀棋,0,1
宸育,1,7
祐維,1,3
想容,0,8
宜彤,0,4
鈞涵,0,2
子怡,0,4
國芳,0,6
敏匡,1,2
嘉良,1,2
泓樸,1,9
嘉緯,1,9
耀輝,1,5
珮薰,0,7
思妤,0,2
承恩,1,3
巧琳,0,9
祐熏,1,2
玉芬,0,6
茂誠,1,8
維寧,0,9
宸緯,1,3
彥頡,1,8
士弘,1,6
漫薰,0,3
皓旻,1,1
綺玲,0,6
愛渝,0,4
上儀,0,7
宇辰,1,5
酩荏,1,7
雯媗,0,2
明君,1,4
凱翔,1,8
順慈,0,3
蓁蓁,0,4
其蓁,0,8
雅云,0,0
偉鈞,1,1
子晴,0,5
若芸,0,9
振軒,1,6
容榆,0,8
人輔,1,1
磊,1,8
孟軒,1,3
宥瑜,0,6
妏樺,0,3
彥芝,0,3
于君,0,0
昭政,1,4
昭妤,0,2
富宸,1,7
子筠,0,3
禾珊,0,5
佳璇,0,8
欣予,0,7
佳穎,0,6
晏妤,0,2
衍儒,1,2
慧慈,0,8
芷萱,0,2
佳榮,1,2
珮涵,0,8
睿杰,1,8
惇,1,9
汝芸,0,2
宗翰,1,5
冠宇,1,6
仲恩,1,9
心榆,0,1
雯心,0,3
怡文,0,6
嘉哲,1,8
建邦,1,3
紹泓,1,3
瑋羽,0,8
紫瑋,0,8
冠緯,1,2
文燁,1,0
旻欣,0,4
安晨,0,4
宙穎,0,9
銘瀚,1,4
沛瑜,0,3
品逸,0,4
念融,0,5
暐荏,1,1
柏昇,1,7
雅淳,0,3
玟妤,0,0
禹彤,0,6
秉諭,1,3
品傑,1,0
莘恬,0,4
語棠,1,3
澂,1,4
楷恩,1,8
孟芸,0,6
家南,1,2
咨閔,1,0
心惠,0,1
銘辰,1,0
秉翔,1,8
可玟,0,9
琳,0,0
博丞,1,3
祐瑄,1,6
敏慈,0,5
建愷,1,9
欣彤,0,9
帛頲,1,1
絜然,0,3
耀龍,1,6
佩綺,0,5
敬揚,1,7
家榆,0,7
庭瑋,1,1
昕瑜,0,2
怡廷,0,5
政允,1,6
巧珮,0,1
良萱,0,3
右霖,1,1
佩姍,0,7
可婕,0,0
懿城,1,3
文祺,1,1
則綸,1,0
馨露,0,2
紫彤,0,4
珣安,0,0
思維,1,9
芸萱,0,5
博雅,0,0
建諺,1,6
哲瑋,1,0
承祐,1,2
盛宸,1,5
侃諺,1,2
仁榆,1,8
邦宜,1,3
昆翰,1,1
芷珊,0,2
博翔,1,3
怡蓁,0,9
宸安,0,2
奎妙,0,3
宣合,1,8
咨情,0,9
達弘,1,4
建凱,1,5
庭謙,1,9
鈺婷,0,4
芷羚,0,2
容祥,1,8
任沅,1,4
中越,1,8
珞芸,0,6
俊德,1,2
祐銘,1,3
柏翔,1,7
駿修,1,4
映萁,1,7
佳宜,0,1
偉哲,1,1
宜蓁,0,0
曼云,0,3
李函,1,9
紫瓵,0,1
致宇,1,7
冠豪,1,3
華佑,0,6
瑾郁,0,7
千恩,0,1
以瑄,0,4
竣韋,1,0
珈瑜,0,2
奕萱,0,8
旻瑄,0,0
諺楷,1,8
廷珊,0,7
廷瑜,1,5
峻瑋,1,7
冠蓉,0,1
宥兆,1,9
哲正,1,2
振寰,1,7
欣妤,0,7
東彥,0,5
筠筑,0,2
家祐,1,5
宸萱,0,0
琦翰,1,2
義盛,1,4
尚婕,0,3
易鏵,1,1
愛,0,4
宇暄,0,7
皓鈞,1,8
晏甄,0,6
瑋旂,0,1
郁如,0,0
薰億,0,4
祐禎,1,5
昱維,1,9
毓婷,0,7
柔云,0,6
婷儀,0,6
博升,1,2
妤喬,0,0
俋涵,0,4
珈熏,0,2
睿祐,1,0
呂豐,1,5
軒鋒,1,8
晴,0,0
雅惠,0,1
鈺棻,0,8
郁謙,0,0
仲程,1,1
少亭,1,0
邦紘,1,8
品妤,0,6
宥翔,1,2
亭蓉,0,9
奕樺,0,0
科霖,1,4
伯瑋,1,5
又云,0,9
子萱,0,2
英祥,1,8
莉立,0,0
哲銘,1,5
思晴,0,0
柏諭,1,6
文彥,1,1
子瑜,1,4
歆晏,0,5
垣妤,0,2
麗蓁,0,7
幸儒,0,0
宸誼,1,8
振堂,1,2
堡黌,1,2
彥中,1,5
玉婕,0,2
楷芹,0,2
彥承,1,4
育璋,1,7
心純,0,0
若藍,0,6
品含,1,2
婕茵,0,7
芳珣,0,2
彥妤,0,4
亭予,0,0
恩毅,1,1
冠宇,1,0
尚霆,1,5
芝嫻,0,2
宗揚,1,3
威宇,1,8
子馨,0,6
琬庭,0,3
渝方,0,9
栩旻,1,9
鎮溢,1,0
承鈞,1,3
宥霖,1,1
采琳,0,0
思岑,1,7
芷瑜,0,0
承恩,1,9
臻茵,0,3
嘉偉,1,1
承恩,1,0
佳琪,0,5
品心,0,2
琛予,0,7
爾謙,1,9
曼筠,0,3
光澄,1,8
峻毅,1,5
怡雯,0,7
宥榤,1,6
宗霖,1,0
麒文,1,2
殷齊,1,2
冠忠,1,2
芯柔,0,7
明復,1,5
藝庭,0,3
秉霖,1,0
采璇,0,2
品賢,1,6
文心,0,7
翊筌,1,9
維垣,1,6
淨晰,0,4
雨塘,0,8
安婕,0,4
承翰,1,3
英豪,1,5
粲為,1,0
致宇,1,3
可馨,0,4
幼秀,0,0
哲緯,1,5
品卉,0,2
張媛,0,3
宜玲,0,0
景翔,1,7
言凌,0,9
渝雅,0,5
翊寧,1,5
承燁,1,0
惟捷,1,7
庭儀,0,1
榆晴,0,5
婞甄,0,5
佳諭,0,6
惠清,0,2
可韻,0,1
凱元,1,4
采葳,0,8
紫婷,0,5
汶珊,0,2
碩廷,1,3
志剛,1,6
睿杉,1,9
廷嘉,1,8
靖芸,0,6
婷瑜,0,5
柏翰,1,5
奕軒,1,6
品妏,0,4
偉綸,1,3
湘晴,0,8
妍霖,0,7
宸羽,0,6
薇錡,0,8
仲辰,1,7
鉦傑,1,2
尹柔,0,9
心豪,1,1
育維,1,4
振堯,1,4
逸安,1,5
登方,1,8
昂炘,1,0
智成,1,0
世奇,1,6
宇芯,0,2
雨讀,0,6
瑋庭,0,7
羿彤,0,3
世桓,1,4
詠茹,0,9
瑞鈴,0,8
子芸,0,8
蕙佑,0,1
琬宜,0,4
沂恒,1,8
仲凱,1,7
奕慶,1,9
嗣鼎,1,9
筑茵,0,0
宜蓉,0,6
盈媛,0,6
浩謙,1,1
嘉珮,0,6
淳和,1,6
志偉,1,1
如妮,0,2
千仟,0,3
恒瑞,1,7
世瓏,1,6
旻樺,0,2
君安,0,9
美麗,0,2
偉州,1,2
安琪,0,1
若芳,0,8
鈞閔,1,0
秉桓,1,0
柔均,0,4
彥呈,1,3
育瑋,1,1
雅慧,0,3
于任,1,8
兆辰,1,5
韋勳,1,0
道平,1,9
睿然,1,0
筠欣,0,3
晨盈,0,0
薇如,0,5
安妤,0,9
欣妤,0,5
羽繪,0,4
薺心,0,3
子勛,1,5
國維,1,9
映辰,0,1
駿東,1,5
嬿晴,0,7
維綸,1,7
若芸,0,7
宇辰,1,9
恆奇,1,1
恩淇,0,0
芷婷,0,9
家寧,0,1
崧宸,1,9
宇成,1,4
靖恩,0,4
容瑄,0,1
靖媛,0,3
宇哲,1,8
楷翔,1,6
怡樺,0,0
培倫,1,1
莉婷,0,0
涵,0,6
于淇,0,8
孝權,1,2
思穎,0,2
欣憶,0,4
婉菁,0,1
又瑜,0,1
少勤,0,6
芷渝,0,7
宗翰,1,5
庭悅,0,4
宸彥,1,1
欣宜,0,2
文誠,1,2
佳硯,1,4
曲,1,2
澤安,0,5
佳綺,0,2
鈞貿,1,5
芊慈,0,6
莆程,1,0
晴,0,5
繹凱,1,8
安綺,0,9
品汝,0,8
睿煇,1,3
思穎,0,4
昕愷,1,6
家豪,1,9
見朋,1,4
子洋,1,6
心妤,0,8
伯瑜,1,6
勝凱,1,6
正怡,0,1
維俊,1,6
知离,0,2
國評,1,9
寶儀,0,1
亮瑜,0,5
雲杰,1,0
秉諭,1,0
世妍,0,2
羽珊,0,2
榆珊,0,2
育菁,0,2
靜玉,0,2
函紜,0,9
文祺,1,0
亭皓,1,4
紫茵,0,6
惟恩,1,5
期成,1,5
聖恩,1,3
冠順,1,2
美麗,0,0
俊丞,1,1
怡宣,0,6
孟宣,0,4
妍庭,0,8
傳偉,1,9
皓元,1,3
靄,1,3
資庭,0,0
羽婷,0,7
其義,1,4
洛昀,0,6
立中,1,5
婷妤,0,5
廷諭,1,9
家維,1,7
孟萱,0,7
元亨,1,2
頌恩,0,5
琳,0,6
芳儀,0,7
仲倫,1,0
瑋珊,0,7
聖翔,1,7
柏佑,1,5
伶亞,0,8
玟璇,0,0
郁珊,0,4
荃棋,1,8
詩庭,0,8
馨陽,0,4
昱蓁,0,8
美綺,0,0
子欣,0,1
昱穎,0,1
敏安,0,6
柏辰,1,4
宇辰,1,5
妍茹,0,0
俐儀,0,3
姿妤,0,8
展嘉,1,9
采伶,0,9
哲瑋,1,5
詠晶,0,8
家緯,1,3
苡棋,0,7
定謀,1,8
冠宇,1,1
萱,0,5
芳妤,0,6
煒宸,1,0
淳凱,1,4
育霖,1,1
千芊,0,5
文聖,1,1
惠琪,0,1
識元,1,9
昱綾,0,4
樺,0,8
玉葳,0,6
雁萱,0,1
至家,1,7
思翰,1,6
郁如,0,9
于蝶,0,2
哲謙,1,0
鈺文,1,5
緯騰,1,6
芷儀,0,2
詩羽,0,9
旭平,1,4
敬蒍,1,8
鈺雯,0,2
蕙暄,0,1
暄惠,0,7
岩,1,6
宥銘,1,3
楚堯,1,3
昀頡,1,5
慶丞,1,8
美綺,0,3
承翰,1,5
孟澤,1,4
采芩,0,0
維宏,1,3
克騏,1,9
新宸,1,5
悅慈,0,4
欽澤,1,7
宥萱,0,0
于涵,0,3
綺珊,0,1
虔威,1,5
恩力,1,3
紀申,1,0
柏豪,1,0
嬿慈,0,7
慈謙,1,1
瑋辰,1,4
子揚,1,3
姮伶,0,7
緯綸,1,9
振豪,1,5
泰宇,1,6
苡茜,0,8
凱翔,1,9
柏叡,1,8
詩純,0,6
宛婷,0,2
盼,0,8
詠清,0,9
千評,0,2
恩瑋,1,9
承瀚,1,8
育廷,1,8
國斌,1,4
宜真,0,2
伯璋,1,7
芯彤,0,0
承昀,0,0
鈞文,1,7
奕廷,0,1
均宇,1,8
淯慈,0,4
若謙,0,4
沂玟,0,5
亭媛,0,9
竣凱,1,4
濬哲,1,3
芷蓉,0,8
芃幟,1,6
庭恩,0,9
佳昇,1,1
慧雅,0,6
懷恩,1,0
文崴,1,8
成宇,1,5
帷綱,1,9
進科,1,7
毓庭,0,3
睿彬,1,1
欽昱,1,3
祥鶴,1,0
均豪,1,0
秉樺,1,8
芷薰,0,7
舒涵,0,6
佩璇,0,6
子瑜,0,9
卓蒨,0,8
榆阡,0,7
翎杉,0,6
靖榆,0,9
明揚,1,5
晏妤,0,4
錫鈞,1,7
盈婷,0,1
宜哲,1,5
至軒,1,5
昱陞,1,3
軒磊,1,2
纓夏,0,1
家慈,0,2
懷安,0,6
翊玄,0,5
舜欽,1,2
睿彬,1,1
煥杰,1,6
振瑀,1,7
惠宜,0,1
汶霖,1,2
禾薰,0,1
潔優,0,5
欣茹,0,2
玟捷,0,5
致嘉,1,4
茂棠,1,8
棉棋,0,2
琳真,0,5
詠燦,0,3
祐丞,1,7
襄翊,1,9
宛蓁,0,4
學禮,1,1
蔚君,0,3
政鴻,1,4
欣諺,0,7
心白,0,1
承佐,1,3
姿辰,0,2
馥珍,0,3
沐恩,1,7
楷岩,1,5
蓉蓉,0,7
莉萍,0,5
大鈞,1,4
柏霆,1,4
右霖,1,5
麒安,1,4
品元,1,1
旻葶,0,1
盈伶,0,5
璿樺,0,5
柏文,1,5
宜湘,0,6
睿庭,1,2
意如,0,4
晶晶,0,3
冠騰,1,0
品萱,0,4
佳潔,0,6
奕宸,1,1
聿霖,1,0
翔吾,1,6
楷烜,1,9
子瑩,0,0
芝億,0,2
震台,1,0
博鈞,1,3
士恆,1,5
大洸,1,5
品芳,0,0
昱安,1,2
妤芯,0,9
朝鴻,1,0
浩哲,1,6
宇志,1,4
頌恩,1,5
上裕,1,5
芷綺,0,2
宇晟,1,3
昱安,0,2
暐蒨,0,2
禕倩,0,5
靖翔,1,4
綺緯,0,6
謝昀,1,1
家榮,1,0
羿華,0,6
牧和,1,0
廷杰,1,7
鈺涵,0,8
嘉威,1,1
奕承,1,4
淳皓,1,3
冠錚,1,3
正宇,1,8
克彥,1,5
嘉,1,9
家妤,0,0
以樂,0,3
子璦,0,9
弘昆,1,5
佑瑄,1,4
秉,1,1
俊彥,1,9
徐翊,1,2
凱鈺,0,9
渝婷,0,4
姵宜,0,0
品雯,0,0
珺婷,0,0
少翔,1,2
珊妮,0,0
承翰,1,5
尹甄,0,5
亞璇,0,0
李麟,1,6
品安,0,5
韋德,1,0
恩杰,1,8
馥妘,0,7
之妍,0,0
麒宇,1,4
翊廷,0,7
文威,0,4
尚廷,1,8
米妍,0,3
冠達,1,8
智信,1,6
亮熹,1,5
惟絜,0,7
子翔,1,1
月明,0,9
良晏,0,0
法法,0,1
采諭,0,4
彥銘,1,5
承鍇,1,2
宗勳,1,5
詩涵,0,5
彥君,1,7
昇,1,5
詩芹,0,1
欣瀅,0,9
瑜芸,0,8
松樺,1,3
芯源,0,7
郡佑,1,3
冠廷,1,4
佳霓,0,1
子薇,0,2
知展,1,7
煜宸,0,5
家輝,1,9
思綺,0,6
瑩倢,0,1
秉樺,1,9
之怡,0,0
昀庭,0,4
煜荃,1,9
紹安,1,3
采嬋,0,9
馨葶,0,3
姵萱,0,1
冠倫,1,0
麟恩,1,7
佳穎,0,0
沚璃,0,5
硯寬,1,6
冠妤,0,2
冠任,1,0
柏棣,1,6
芳宇,0,5
子正,1,1
麒然,1,9
東逸,1,5
微茹,0,3
敦揚,1,4
翊宣,1,3
瑞庭,1,2
姿妤,0,1
昀容,0,7
媛媛,0,0
冠豪,1,1
佩樺,0,6
庠緯,1,5
捷,1,6
庭軒,1,2
彥奇,1,9
曆綸,1,0
以奇,1,2
承頤,1,4
宗祺,0,6
仲元,1,8
芷希,0,7
振謙,1,7
錫民,1,2
榆婕,0,9
郁家,1,0
艾臻,0,1
宥辰,1,2
星妍,0,6
文嘉,1,9
采蓉,0,4
佳琳,0,9
佑豪,1,5
宇捷,0,0
語芯,0,0
家宣,0,6
東成,1,5
庭詠,0,9
采彤,0,7
伯銓,1,4
宜擇,1,2
孟樺,1,9
羿勳,1,9
佾宸,1,9
宥霖,1,5
宜琳,0,1
勛芃,1,9
宜琳,0,0
品樺,0,6
依雯,0,7
威云,1,1
姮諭,0,6
雅琪,0,4
宣竹,0,8
瑭琳,0,7
珮誼,0,9
偉誠,1,7
國航,1,7
盈棻,0,4
榮淯,1,8
致頤,1,4
曉妍,0,3
順順,0,8
思妤,0,2
蕙瑜,0,0
詩樺,0,9
春恩,1,4
建勳,1,7
煒,0,0
學承,1,5
哲睿,1,4
詠潤,1,8
振嘉,1,0
佳穎,0,1
雋英,0,9
鈺展,1,0
嶢,1,3
恩如,0,2
芷嫣,0,7
絲渝,0,2
卲真,1,8
晨熙,0,7
恩祈,0,3
怡瑄,0,2
蘭心,0,9
立承,1,5
詠閑,0,7
克俊,1,0
依琳,0,1
昀宗,1,8
秉庠,1,7
揚恩,1,4
容羽,0,4
書暐,1,3
辰禎,0,2
心磊,0,3
采鑫,0,9
昕辰,0,0
柏丞,1,6
宇廷,1,7
嘉倩,0,8
可威,1,1
欣樺,0,6
立晨,1,2
宗憲,1,7
宇霆,1,4
祐維,1,6
瓊瑤,0,8
建方,1,8
馨筠,0,3
泓翰,1,3
子丞,1,8
凱傑,1,0
廷豫,1,3
登豪,1,1
遠弋,1,4
郁祥,1,6
心嬿,0,1
宇欣,0,2
悅琳,0,7
汶穎,0,2
昱均,1,6
采宸,0,4
棋彩,0,2
政元,1,1
藝,0,0
茗煬,1,3
逸緯,1,7
庭毓,0,7
佩姍,0,4
品潔,0,0
婕蓉,0,2
博謙,1,0
芊柔,0,2
詩翔,1,9
宜諠,0,5
峪嘉,1,8
韋賢,1,3
詔暐,1,8
禹彤,0,2
俊佑,1,8
佳玄,1,2
子柔,0,6
絜棱,0,1
騏禎,1,0
品睿,1,3
姵蓉,0,1
昀,0,1
業碩,1,1
晴暄,0,6
添恩,1,0
穎麒,1,6
舒語,0,8
善羚,0,5
凱傑,1,0
慶凌,0,1
艾霖,0,4
晨宇,1,5
佳昕,0,3
柏叡,1,4
志安,1,0
品翎,0,5
宗燁,1,7
郁茹,0,6
肇峰,1,7
利煌,1,6
渝靜,0,3
浩哲,1,4
承遠,1,0
彥瑭,1,5
昀萱,0,4
育銘,1,4
品諺,0,3
秉叡,1,3
彤,0,2
郁婷,0,7
柏瑄,0,9
于皓,1,0
宜柔,0,8
品安,0,3
婉榕,0,8
紹群,1,0
盈盈,0,5
琨庭,1,4
政賢,1,5
采蓁,0,0
鎔,1,4
如玉,0,7
峻愷,1,2
品達,1,8
均緯,1,2
栩睿,1,3
沛蓉,0,4
祺驊,1,0
莉婷,0,7
宇丞,1,5
范丞,1,5
景程,1,2
郁晨,0,2
琬淇,0,7
益泓,1,5
振育,1,6
祐賓,1,2
柏榮,1,3
稚玄,0,3
鈞為,1,6
采妤,0,9
子駿,1,8
慧君,0,6
斌瑋,1,7
宜禎,0,0
宜珊,0,0
元愷,1,7
庭羽,0,0
宥辰,1,3
峻嘉,1,3
晉暘,1,6
怡文,0,7
恬,0,2
家傑,1,4
昀莞,0,3
芝緗,0,4
和欣,1,0
芳妤,0,4
觀復,1,7
思芃,0,2
冠霖,1,1
群丰,1,7
奕葭,0,8
佳伶,0,5
書瑄,0,5
宜蓁,0,3
欣琳,0,7
峻臺,1,7
郁婷,0,4
瑋崙,1,4
季宣,0,7
苗如,0,0
品言,1,8
郁琁,0,8
奕萱,0,8
育修,1,1
毓宸,1,4
騰慧,0,3
道涵,0,1
郁珈,0,0
心宇,0,5
朝恩,1,2
秉謙,1,3
宣融,1,4
琳鈞,0,7
穎,0,1
思妤,0,9
以倫,0,4
意婷,0,0
懷生,1,3
意盛,1,1
嘉琪,0,8
奕樺,1,1
柏揚,1,8
友傑,1,7
妍均,0,0
廷頤,1,1
宜瑄,0,0
冠筑,1,6
心喬,1,3
采萱,0,3
乃瑄,0,9
茂誠,1,1
紫璘,0,2
薇庭,0,7
巧忻,0,6
宗岳,1,9
詩云,0,6
品蓁,0,9
宣逸,1,6
冠諺,1,1
政炫,1,3
亭誼,0,0
品萱,0,5
承恩,1,7
芯儀,0,6
諺樟,1,0
韋栩,1,3
建志,1,4
成宇,1,6
鈺翔,1,0
彥桐,1,1
曼君,0,3
智元,1,7
浩翔,1,8
勝全,1,8
亭頤,0,1
元盛,1,1
庭萱,0,9
心蕾,0,9
如意,0,2
震遠,1,8
德維,1,5
佩吟,0,0
根瀚,1,6
承皓,1,1
恩睿,0,0
堉翔,1,8
宜謙,1,4
家熏,0,8
俊文,1,7
欣穎,0,9
詠婷,0,9
語慈,0,4
柏凱,1,6
海慧,0,8
冠銘,1,9
瑩苡,0,6
稔文,1,6
凱風,1,5
瓊勻,0,1
心佑,0,0
禹瑄,0,0
凱翔,1,2
語岑,0,0
文綺,0,8
順訢,1,7
智勇,1,3
宥銨,1,5
莉苓,0,3
桓毅,1,0
亭韋,0,1
茂志,1,0
宇佳,0,5
柏霖,1,6
萱紜,0,3
微宜,0,9
湘芸,0,3
于筑,0,8
哲瑋,1,4
皓博,1,4
鳳君,0,6
宇洺,1,7
雨婕,0,0
真艾,0,6
妍希,0,7
又菡,0,7
劭騏,1,8
家瑋,1,4
毓方,0,1
怡鈞,0,0
正育,1,3
東穎,1,4
璽瑋,1,9
雨寰,1,0
廷翰,1,6
敬文,1,9
宜娟,0,3
亞軒,0,5
宜樺,0,6
禾昕,1,0
芸成,1,4
羿婷,0,6
妤婷,0,5
若欣,0,3
俊錡,1,2
嘉玉,0,7
愷柔,0,3
余貞,0,9
欣渝,0,7
志盛,1,0
句昀,0,9
鈞元,1,8
奕弘,1,7
千芳,1,7
涴薰,0,7
思妤,0,0
昱蓉,0,0
湉瑛,0,6
諼,0,0
宗叡,1,0
軒毅,1,1
秉承,1,5
紫琁,0,7
志勉,1,2
芸瑄,0,5
品誼,0,6
菀瑜,0,3
芷萱,0,6
貽珺,0,1
愷恩,1,2
柏叡,1,4
汝怡,0,3
湘芩,0,8
浩哲,1,2
嘉容,0,1
昱誠,1,6
可成,1,7
薇雅,0,7
佩蓁,0,0
頌恩,1,8
岱韻,0,7
筠真,0,7
柏維,1,9
歆宜,0,9
程盛,1,7
致宇,1,1
柏淯,1,7
梓瑄,0,8
昱維,1,7
茗憲,1,7
亦瑄,0,8
芊羽,0,8
怡君,0,1
柏翰,1,2
彩嫻,0,3
亭諭,0,6
風羿,1,3
君鵬,1,0
冠中,1,6
靖閔,0,7
群諺,1,1
少君,0,9
立心,0,1
佳霖,0,1
瀚哲,1,0
鈺雅,0,5
威旭,1,6
冠皓,1,9
棋賓,1,6
平,0,6
義翔,1,5
彥杰,1,1
曉儒,0,7
唯中,1,9
祐辰,1,5
語柔,0,9
昱勛,1,2
于禎,0,6
承勳,1,8
家萱,0,7
翔超,1,9
廷洋,1,6
之音,0,1
瑋杉,0,9
東霖,1,5
晨宇,1,6
柏鈞,1,4
采婕,0,2
立恩,1,6
于婕,0,2
配羽,0,8
歆雅,0,0
宗軒,1,4
淳安,0,3
沛諺,1,0
莉庭,0,6
敬堯,1,9
東利,1,4
毓嫻,0,0
如曄,0,5
詣涵,0,7
穎禎,0,8
有朋,1,2
宜蓁,0,2
盈淳,0,0
佳家,0,9
宇軒,1,3
熯尹,1,6
佩妤,0,3
昀昇,1,8
國瑋,1,8
翊維,1,8
則勳,1,5
璇,0,3
翊郡,0,6
士祐,1,3
郁棋,0,1
方渝,0,3
侑萱,0,3
秉宸,0,2
榆蓁,0,4
宛靜,0,4
子恩,0,0
謄翔,1,7
庭萱,0,4
冠禎,0,9
祐葆,0,3
奕璇,0,0
瓊,0,0
鈺婷,0,4
雅文,0,8
容瑄,0,9
達維,1,2
廷容,0,2
宥鈁,1,3
薇妮,0,1
翔義,1,9
亮妘,0,0
悅蓉,0,2
裕庭,1,2
涵盈,0,7
廣婕,0,1
璟儀,0,8
嘉妤,0,6
佳琪,0,5
羿涵,0,4
忻霓,0,7
建丞,1,2
宗瑋,1,4
芃儀,1,5
湘甯,0,9
欣祐,1,8
穆葳,1,2
勝亞,1,4
瑗庭,0,1
辛儀,0,6
暄,0,6
博盛,1,9
紹墉,1,1
彥齊,1,0
楷棋,1,1
緯騏,1,2
翔騰,1,8
欣妤,0,3
庭碩,1,3
子璿,0,6
晏禎,0,7
宜蓁,0,5
菱,0,4
俊葳,0,6
柏宇,1,7
珮淇,0,3
思妤,0,0
昆鈺,1,9
紫萱,0,7
湲安,0,0
廷睿,1,2
宜潔,0,6
詠晴,0,1
紀廷,1,0
品熹,0,9
銜甫,1,7
欣慧,0,8
冠霖,1,4
閔堯,1,6
怡平,0,2
磬臻,0,1
昱廷,1,7
啟玄,1,2
秉軒,1,0
俊宏,1,3
奕丞,1,5
胤宇,1,8
巧潔,0,3
品琪,0,3
至誠,1,7
冠鈞,1,6
皓翔,1,7
伶婕,0,3
芊妤,0,9
冠螢,0,8
博安,1,2
芷菱,0,4
佳育,1,3
謹帆,1,6
倞耀,1,4
偉杰,1,0
宥媜,0,6
彥廷,1,6
亮瑜,0,2
庭芸,0,4
紘蒝,1,3
秉宇,1,9
柏翰,1,5
奕驊,1,0
雅琪,0,9
承晏,1,6
瀚霆,1,2
宗翰,1,0
晉維,1,5
賢鈞,1,7
宜靜,0,0
潔心,0,0
苡芯,0,2
豫安,0,9
煜喬,1,8
慈忻,0,2
和欣,1,6
冠華,1,8
煒哲,1,7
楷杰,1,4
昕儀,0,3
甯祐,0,8
姿菱,0,0
曼真,0,6
佩璇,0,9
上恩,1,4
亦軒,1,1
庭峰,1,6
品耀,1,2
苓婕,0,8
詠心,0,9
裕翔,1,8
卜瑄,0,4
于琁,0,7
祐誠,1,0
繹軒,1,5
文謙,1,0
子甯,0,2
尚容,1,0
旻蓁,0,3
雅歆,0,5
品臻,0,9
柔安,0,8
莛恩,1,5
國琨,1,0
怡葶,0,0
旭輝,1,2
景翔,1,3
子凌,0,2
國全,1,2
啟宸,1,0
云禎,0,2
才盛,1,7
開,1,7
千容,0,4
乃翾,0,1
陞,1,1
思媛,0,9
仕丞,1,7
翊涵,0,5
皓軒,1,4
柏勳,1,8
彥中,1,0
邦靖,1,7
曼慈,0,2
珩,1,9
宥霏,0,4
崑巖,1,4
孟宣,0,0
若水,0,9
安,1,6
毓慈,0,8
紫菱,0,9
莘卉,0,2
定鵬,1,4
書懷,0,8
儀庭,0,3
若馨,0,2
沛綺,0,6
韻琪,0,9
昱嘉,1,0
育霆,1,5
宇晟,1,6
芷瑩,0,1
芊羽,0,8
丹,1,5
家妤,0,5
邦鈞,1,7
晴,0,2
見如,0,4
頡笙,1,7
沛蓁,0,5
承志,1,0
峻豪,1,5
頌詠,0,6
品萱,0,8
理信,0,9
惟心,0,0
威綸,1,1
欣慈,0,2
其峻,1,4
均竹,0,0
蓁蓁,0,9
英瑄,0,6
明軒,1,5
冠丞,1,8
忠政,1,6
宜芳,0,1
冠勳,1,1
婕妤,0,7
品翔,1,4
承達,1,2
柏逸,1,9
子綺,0,8
佳鈞,0,1
奕安,0,2
冠伶,0,1
若謙,1,7
書毅,1,4
景哲,1,8
威廷,1,3
霽,1,8
翎庭,0,2
宗沛,1,0
苡綸,0,3
盛涵,0,4
梓庠,1,1
敬庭,1,4
習驊,1,8
明玉,0,5
瑋翔,1,2
俊翔,1,1
竹漪,0,2
宸妤,0,8
文君,0,5
閔璟,1,7
靖婷,0,0
振瑋,1,7
韋佑,1,2
卉欣,0,7
又筠,0,8
雨荷,0,4
宜榛,0,5
宥融,0,3
柏均,1,0
海默,1,3
雷,1,7
東穎,1,8
昱琦,0,9
舒瑜,0,7
俊緯,1,1
重恩,1,4
博雯,0,9
冠聿,1,1
宜靖,0,2
玉潔,0,5
宜靜,0,0
育萱,0,8
晉維,1,8
戌辰,1,1
瑋,0,1
宛樺,0,2
仙姍,0,3
易昀,0,0
孝璋,1,9
帷祐,1,1
柏妤,0,8
富喬,1,6
與傑,1,6
英愷,1,6
育華,0,1
鈺惠,0,0
紫姈,0,4
詠勝,1,0
紹謙,1,8
妤庭,0,0
詠傑,1,5
莉庭,0,5
育嘉,1,0
威任,1,1
定緯,1,2
冠綸,1,1
詠嫺,0,7
祐廷,1,5
旻誠,1,1
偵伶,0,3
柏諺,1,0
瀚遠,1,4
怡安,0,8
任潔,0,2
宜欣,0,2
傳心,0,5
繼堯,1,0
志誠,1,0
奕翔,1,1
詠真,0,4
侑恩,0,3
孟婷,0,1
宗豪,1,3
邑洋,1,4
名徽,0,0
亦璇,0,1
彥箴,0,7
裕龍,1,6
佳謙,0,5
佳蓁,0,2
彥豪,1,5
又銘,1,9
玉婕,0,5
珮妤,0,1
傅詡,1,1
梓恩,1,7
丞秀,0,1
崇政,1,1
郁為,1,8
懷恩,0,4
宣安,0,2
禹蒨,0,0
皓翔,1,2
威廷,1,6
歆屏,0,3
瀚德,1,0
晞,1,4
旻潔,0,5
嵩昀,0,3
怡能,0,7
芳妤,0,5
品瑜,0,2
芝妤,0,8
悅余,0,5
佑珍,0,9
晟維,1,2
稚麟,1,3
晏瑜,0,0
舒勻,0,8
致穎,1,1
毓玄,0,2
柔蓁,0,0
容穠,0,6
宣晴,0,7
曉恩,0,5
天天,1,8
楚霖,1,9
韋辰,1,2
云瑋,1,3
妍昕,0,8
羚,0,3
正翰,1,1
珮婕,0,7
芊瑜,0,5
銘晅,0,8
巧韻,0,3
程祥,1,6
維澤,1,3
則勛,1,8
籠武,1,2
梓成,1,6
湘婷,0,7
蓁,0,5
忻岑,0,7
程順,1,2
筠恩,0,6
安般,1,4
媛,0,4
韻宸,0,6
榮峻,1,5
榆璇,0,4
紫葳,0,8
俊丞,1,3
詩婷,0,4
文祺,1,3
采軒,0,3
婷予,0,2
祐祥,1,6
方真,1,9
奕均,1,0
建融,1,6
映蓉,0,2
杰彥,1,1
瀚元,1,8
嘉穎,1,5
思暘,0,5
昱豪,1,4
君卉,0,5
耀陞,1,5
佳伶,0,2
昕燁,1,6
煜奇,1,2
靖妤,0,6
羽,0,9
瑋彤,0,4
郁芳,0,3
尹萲,0,1
冠廷,1,2
怡慶,1,1
恒瑜,1,6
語婕,0,8
妤瑄,0,9
垠廷,1,4
伊珊,0,7
湘芝,0,6
敏慈,0,5
嘉茵,0,1
霆祐,1,1
冠辰,1,4
丰,1,6
昱安,1,7
資閔,1,7
瑋凡,0,5
玟予,0,0
滕暄,0,3
雨璇,0,1
晨瑋,1,8
凱和,1,1
閔涵,0,6
沛羽,1,4
姵吟,0,3
語恩,0,6
建愷,1,0
子庭,0,1
沛妤,0,6
宜庭,0,5
翔榆,0,7
以蓮,0,1
羽襄,0,0
益爾,1,5
郁萱,0,3
敏如,0,3
昱宏,1,5
士哲,1,4
子鳴,1,3
宥誠,1,3
懷維,1,1
郁琦,0,8
明浩,1,4
俊旻,1,9
佳璽,0,7
韻如,0,4
柏元,1,6
涓瑄,0,8
詠晨,1,5
羽芮,0,7
凱丞,1,4
睿軒,1,8
佳育,0,9
皓翔,1,5
麓宸,1,1
煜宸,1,4
書駿,1,8
易翔,1,2
行英,0,9
詠駿,1,5
言安,0,8
櫟安,0,7
霈均,0,8
致潔,0,1
宗民,1,5
奕橋,1,7
子維,1,8
芷瑄,0,8
怡蓁,0,5
穎婕,0,7
承翰,1,3
大麒,1,0
晨豪,1,2
婉筠,0,6
子豪,1,6
伊婷,0,8
淑娟,0,9
宸旻,1,7
欣妤,0,0
駿睿,1,3
皓甯,0,2
冠媛,0,8
侑玄,1,2
煒升,1,6
宣穎,0,6
舒維,0,3
宜庭,0,0
怡翎,0,5
宜揚,1,3
致翰,1,7
晴宣,0,0
欣儀,0,5
彥霆,1,7
子臻,0,1
峻豪,1,7
友瑄,0,6
若綺,0,1
咨燕,0,1
允迪,1,8
育瑄,0,7
昱萱,0,9
筱蓉,0,9
姿妤,0,5
逸筠,0,1
謦渝,1,1
昀蓁,0,2
惠琳,0,3
晴薇,0,6
欣頻,0,9
柏欣,0,7
宥懃,0,4
芷若,0,9
宏,1,2
韻如,0,5
栯緯,0,4
冠蓁,0,0
映儒,0,3
語婕,0,8
其賢,1,4
方堯,1,4
佳陵,0,1
俊嘉,1,7
子嫻,0,9
芝諭,0,7
楓穎,1,2
酩濠,1,6
念均,0,1
志杰,1,4
紜綺,0,6
桂榆,0,9
紫彤,0,0
靜儀,0,1
貽婷,0,3
長薇,0,8
容愷,0,5
琮崴,1,6
煒哲,1,3
聖文,1,0
九霖,1,6
協穎,1,4
一朕,1,4
姵妤,0,3
祈穎,0,4
維芝,0,2
昕茹,0,1
巧柔,0,9
鏮展,1,6
棋,0,6
婕薰,0,9
紫婕,0,9
宗諺,1,9
稟儒,1,8
宜蓁,0,8
於衡,1,7
惟捷,1,1
建樺,1,2
昉縈,0,6
明軒,1,0
佳玉,0,0
俊毅,1,2
建宏,1,9
于玄,0,8
若晴,0,6
羽柔,0,6
汶琦,0,4
柏碩,1,4
柏翰,1,2
冠成,1,8
宗徵,1,3
奕丞,1,9
妍瑄,0,5
竣皓,1,4
昆霖,1,8
毓嫻,0,2
雅芮,0,6
永約,1,6
秉均,1,4
奕穎,0,5
偉華,1,0
奕程,1,1
蓁宜,0,0
建文,1,4
安純,0,0
君鴻,1,3
逸樺,0,6
柏元,1,3
仕軒,1,4
宜嫺,0,8
睿元,1,6
怡旻,0,9
育旻,1,8
幸庭,0,8
易昌,1,3
沛宸,0,0
雨璇,0,4
季樺,0,0
靖賢,1,3
宣儀,0,6
爾雅,0,0
郁貴,0,4
俐卉,0,0
益宏,1,3
欣寧,0,2
皓傑,1,9
宇晴,0,1
晏甄,0,7
品勳,1,4
淑敏,0,8
琳翔,0,7
美君,0,8
育婷,0,3
宏諺,1,1
昀蓁,0,9
秀芸,0,1
柏瑄,1,9
家華,1,5
博文,1,8
啟煜,1,9
佑豪,1,1
先麒,1,3
佳璇,0,7
品優,0,0
奐瑀,1,8
坤儒,1,8
宜芳,0,5
禮安,1,7
鏡騏,1,7
采諭,0,4
思婷,0,7
人瑜,0,6
正桐,1,0
珮嫙,0,1
祐全,1,9
仲濡,1,1
苓,0,0
宣臻,0,6
安雯,0,1
祥宇,1,0
怡璇,0,3
佳鈞,1,9
苡僑,0,9
裕宸,1,8
耀陞,1,5
涵雲,0,2
昕揚,1,6
怡萱,0,7
宜庭,0,5
芷怡,0,6
靜琦,0,5
彥葦,1,5
品劭,1,8
柏萱,0,8
武筌,1,2
佩芸,0,1
証富,1,0
威廷,1,1
采蓉,0,6
志濤,1,7
昱晴,0,5
晉亦,1,4
羿閔,0,9
玟愷,1,6
俊諺,1,7
品蓉,0,1
昱樑,1,1
嵉鈞,1,6
聖悅,0,2
瑋柔,0,0
俊緯,1,8
晨欣,0,1
佑琮,1,4
博紳,1,7
至桓,1,0
濰安,0,3
雅郁,0,7
欣蘊,0,0
韻如,0,9
映廷,0,7
啟瑋,1,6
雅芳,0,8
國軒,1,7
泓均,1,0
麗勻,0,3
晴渲,0,3
品皓,1,3
安曦,0,8
宗恩,1,7
柏緯,1,5
筱嵐,0,0
睿君,0,1
凱,1,5
仲桓,1,9
宜庭,1,2
柏穎,1,3
冠吾,1,8
舶恩,1,5
柏綸,1,4
宜靜,0,9
書萱,0,2
湘婷,0,8
祥緯,1,1
泓睿,1,4
智霖,1,9
仲棋,1,8
子瑜,0,7
禹辰,0,3
永薪,1,3
宜恩,0,3
睦唐,1,8
彥昕,0,9
維恩,1,1
梓瑜,0,4
浩宜,0,1
柏諺,1,0
思甫,1,8
駿毅,1,1
敏鈞,1,7
劭恆,1,8
鈺欣,0,5
群勝,1,0
昱維,1,6
浚宸,1,6
閔媃,0,9
佑齊,1,5
盈恩,0,9
旻融,0,9
奎甫,1,1
宸語,0,0
瑞妤,0,2
千雲,0,0
語萱,0,2
芷菱,0,0
牧笛,1,6
廷謙,1,6
心榆,0,7
子祐,1,5
俊佑,1,0
軒語,1,7
佳芯,0,8
宇澤,1,2
玟妤,0,5
盈蓁,0,5
致翔,1,2
采琳,0,7
宸誌,1,2
昌勳,1,2
心予,0,3
庭恩,0,4
承威,1,0
家綺,0,5
益翔,1,7
振華,1,8
柏鈞,1,1
若田,0,9
棋睿,1,8
韡瀚,1,2
威翰,1,7
凱勝,1,7
廷妤,0,2
席維,1,4
承翔,1,9
文駒,1,9
軒毅,1,4
心慈,0,8
子瑄,0,4
承皓,1,2
宗諺,1,4
振鎧,1,8
昱穎,1,2
芸芹,0,5
祥意,1,0
懿珊,0,1
旭含,0,4
添輔,1,5
若衡,0,7
嵩文,1,1
士軒,1,5
和昀,0,0
訢瑀,0,8
翊祺,0,5
梓妤,0,9
景鈞,1,2
廷恩,1,2
怡佳,0,7
雋岳,1,2
祐瑋,1,4
光均,1,0
上斌,1,7
穎,0,2
俊貴,1,3
睿騏,1,9
澤潁,1,2
芷嘉,0,5
楷婧,0,5
祥恩,1,5
易凡,0,2
洛鈞,1,4
淳茵,0,7
品顥,1,6
璟麒,0,6
寶仁,1,0
柏楷,1,2
亭瑋,1,6
芊妤,0,2
暐勛,1,3
祐嘉,0,2
慈萍,0,9
智家,1,0
茜惠,0,1
子嘉,0,1
苡辰,0,0
紹齊,1,0
承恩,1,5
琪恩,0,9
亮妤,0,9
御芳,0,2
洢蔆,0,6
譯,1,9
敬弦,1,6
瑀倢,0,0
宇晟,1,1
琳蔓,0,2
岱擎,1,8
玉桓,0,5
冠呈,1,6
丞祐,1,1
晟維,1,3
昱頡,1,2
兆峻,1,1
乙恩,1,1
沛甯,0,7
博謙,1,1
雅茗,0,0
妤瑄,0,0
子涵,0,9
韻汝,0,2
怡如,0,0
嘉蔚,1,7
廷傑,1,7
梓翊,1,6
思妤,0,5
姮臻,0,3
震瑋,1,1
姿蘋,0,1
祈瑞,1,4
彥洲,1,8
逸蓮,0,7
岱融,0,3
瑄茹,0,5
欣憶,0,5
竣安,1,9
佑丞,1,9
宥綸,1,8
銘顯,1,5
姿廷,0,7
睿軒,1,8
宏哲,1,3
靜安,0,8
傳心,0,4
蔚傑,1,7
騰昀,1,1
蓉楨,0,5
宗甫,1,3
祖閩,1,7
佑恩,1,9
翔琳,1,3
明松,1,9
家名,1,0
誼柔,0,3
芊孜,0,4
育函,0,7
宣昊,1,5
之卉,0,1
品安,0,3
之禾,0,7
暄翊,0,9
鼎超,1,0
婉庭,0,6
詩云,0,6
育銓,1,2
維仁,1,4
姿妘,0,8
彥禎,1,5
俞任,1,5
瑋萱,0,2
婉華,0,7
恩茹,0,9
世安,1,8
語婕,0,9
柏鈺,1,7
育洵,1,4
瑋盛,1,2
泓諺,1,5
肯,1,3
彥恩,0,9
岳峰,1,5
建寬,1,0
立軒,0,0
勝華,1,1
振寰,1,0
英頎,1,5
庭萱,0,2
品晶,0,5
佳嬡,0,4
雅靜,0,0
鈺媚,0,3
均妮,0,3
維瑩,0,7
柏陞,1,7
欣卉,0,5
詠瑄,0,0
羿巽,1,2
姿瑩,0,6
菲亞,0,8
學榮,1,8
柏安,1,6
聖鈜,1,7
蕙菱,0,4
冠佑,1,5
若亞,1,7
軒維,1,6
昀致,1,6
哲宇,1,1
贊宇,1,3
品柔,0,1
虹妤,0,7
子筠,0,5
子翔,1,4
子葝,1,3
敬智,1,4
君安,1,0
柏叡,1,6
勇安,1,2
睿騰,1,8
祥峻,1,9
翊翔,1,6
修睿,1,7
芳瑜,0,2
冠瑄,0,6
久鈴,0,7
育靜,0,3
元奎,1,3
友雋,1,5
昕妤,0,3
承諺,1,5
昭葦,0,9
鈞霖,1,3
灃軒,1,5
子儀,1,1
琬苡,0,4
郁恩,0,2
湛壬,1,3
承鈞,1,8
韋文,1,8
舒曼,0,7
靖易,0,6
忱謙,1,0
雨蓉,0,7
晨愷,1,2
子瑄,0,2
高丞,1,3
琬珊,0,3
翊瑄,0,9
品茵,0,7
首訓,1,3
琮嬿,0,2
欣倪,0,0
柏毅,1,0
忠楷,1,3
欣宸,0,8
政善,1,6
觀海,1,0
薇淳,0,4
正倫,1,3
煜喬,0,1
筱洹,0,1
品宏,1,1
睿辰,1,8
子藝,0,1
立翎,0,3
舒琪,0,6
俞叡,0,2
明柔,0,7
究,1,9
芃因,0,6
家峻,1,6
贊仁,1,6
巧琳,0,4
邑函,0,8
群展,1,2
承遠,1,6
芊柔,0,7
冠宇,1,0
宇潔,0,5
晨瑜,0,9
亭妤,0,5
寶祥,1,8
佳妤,0,8
文莫,0,0
庭瑜,0,5
唯喻,0,6
程光,1,6
廷祐,1,7
茜茹,0,1
珊娜,0,1
品慈,0,2
崇愷,1,0
聖慈,0,6
至均,1,1
品慈,0,4
芝穎,0,0
芳瑜,0,0
政道,1,5
逸群,1,0
德恩,1,4
冠曄,1,8
語宸,1,6
鈺妙,0,3
奕杰,1,6
宣義,1,5
羿如,0,2
玉婷,0,2
晏伶,0,2
意萱,0,9
瑜廷,1,8
堅壬,1,5
福元,1,6
詠晴,0,8
釗維,1,9
奕嘉,1,1
彥廷,1,9
詠綸,0,9
育軒,1,0
博楷,1,4
睿麟,1,1
品君,0,6
品方,0,3
心,0,5
祐華,0,9
景瑞,1,7
亮禎,0,6
恩沛,0,6
馨云,0,1
芊芊,0,4
品萱,0,5
莉云,0,9
嘉薆,0,9
竣禾,1,9
宣彤,0,5
庭瑄,0,6
新愷,1,8
昀瑄,0,5
宇婕,0,4
宗祐,1,8
秉臻,1,1
俞妏,0,2
采嫻,0,2
劭威,1,7
亭廷,0,0
宜臻,0,4
孟恩,1,1
彥瑋,1,6
羿齊,1,5
佳璇,0,9
皓,1,1
尹聖,1,6
子涵,0,6
威德,1,5
秉泰,1,4
偉誠,1,2
慈昱,0,1
媛媛,0,2
耘瑤,0,7
丞恩,1,3
承諺,1,8
葳,0,7
鈺臨,1,2
祐嘉,0,1
冠瑋,1,5
康旭,1,5
龍昀,1,8
均有,1,4
恩玉,0,1
凱翔,1,5
姿昀,0,5
書瑄,0,0
浩宇,1,0
星妤,0,7
博鈞,1,5
姿諭,0,0
柏薰,1,3
曼妮,0,7
有寬,1,8
梓宸,0,3
偉翔,1,3
郁竣,1,9
云亭,0,6
孟庭,0,9
佳穎,0,1
育萱,0,2
雅芳,0,0
俞成,1,1
昕佑,1,8
昀芷,0,3
宥銘,1,3
思曲,0,0
承佑,1,1
莫凡,1,2
霽洋,1,7
盈靜,0,1
浩軒,1,8
昀蓉,0,2
以恩,1,6
柔萁,0,9
郁凱,1,6
昀,1,9
銘緯,1,4
珮儀,0,5
佩妤,0,1
翔曜,1,2
家綺,0,5
唯至,1,7
嫣然,0,3
喻雯,0,9
柏豪,1,3
妏宣,0,2
裕庭,0,2
緯宸,1,9
瑋琳,0,3
宥均,0,2
孟璋,1,1
瑋旂,0,1
繼謙,1,6
嘉妤,0,2
相頤,1,1
怡茹,0,8
冠宇,1,2
楷博,1,8
昱翔,1,7
盈穎,0,8
智維,1,8
茂睿,1,7
辰軒,1,7
家珩,1,1
哲葦,1,5
子榆,0,8
俞樺,1,6
姿妤,0,7
佳穎,0,4
冠杰,1,0
昀欣,0,7
宜恩,0,4
榆山,1,0
妍安,0,9
詠惠,0,8
翊泓,1,0
思妤,0,9
莉婷,0,9
郁萱,0,6
子家,1,2
佳樺,0,7
子芸,0,6
子翔,1,2
秉衡,1,6
尚晟,1,8
嘉榮,1,7
常誌,1,8
芮羽,0,6
茂芳,1,5
美豪,0,4
彥霆,1,7
鈞幃,1,1
筱米,0,1
冠易,1,5
瑞榮,1,9
詠婷,0,1
心澄,1,5
才芸,0,5
慈云,0,2
心瑀,0,6
心帝,0,4
宗霖,1,0
冠傑,1,4
育庭,0,9
承典,1,9
博煜,1,1
柏琮,1,8
品華,1,0
震緯,1,9
羽欣,0,8
鎮貴,1,8
子揚,1,8
朋柏,1,4
泰安,1,4
芳瑜,0,4
牧凡,1,5
祐誠,1,2
千蕙,0,6
濬涵,1,8
允中,1,7
尉瑄,1,8
世傑,1,0
馥宇,0,6
昀庭,0,5
凱筑,0,3
琦崴,0,1
麒,1,3
承訓,1,7
羿均,0,4
郁棋,1,1
宗祐,1,4
韻琳,0,0
招毅,1,6
予蓉,0,9
育星,1,1
泓,0,3
子甯,0,9
芊妤,0,3
語柔,0,6
哲勳,1,7
毓涵,0,2
靚潔,0,5
婉慈,0,0
雅硯,0,4
宥菱,0,7
語辰,1,6
誼,0,8
彥宇,1,6
弘為,1,3
為睿,1,2
書誼,0,1
悅安,0,7
承祐,1,0
依陵,0,0
紹華,1,3
永欣,0,5
妤臻,0,0
佩奇,0,6
翊禎,0,9
芫綺,0,8
怡萱,0,8
承燁,1,5
苡瑄,0,6
大哲,1,3
思瑜,0,8
睿棋,1,9
煦庭,0,5
庭婭,0,0
俋達,1,5
伊華,0,4
芮瑄,0,9
孟軒,0,0
翰廷,1,5
音慈,0,7
家祐,1,2
致穎,1,0
俊霖,1,6
冠閔,1,6
家綺,0,3
瑞凱,1,1
昀悊,1,8
景奕,1,9
姵妤,0,9
柔妤,0,6
安升,1,1
雅銀,0,2
俐,0,5
婕柔,0,0
綵寧,0,3
彥蓁,0,6
創鴻,1,6
昱澤,1,8
儀媗,0,4
登科,1,6
靖雯,0,5
官臻,0,1
立欣,0,8
季函,0,5
品叡,1,1
妤睿,0,1
卉褕,0,5
容蔚,0,8
詩豪,1,6
昱翔,1,7
伊華,1,1
珮萱,0,5
偉彥,1,3
芷玲,0,2
叡揚,1,5
冠霆,1,7
璟辰,1,0
旭安,1,8
芝羽,0,2
東裕,1,6
亭儀,0,0
昱婷,0,7
冠澂,1,2
益賢,1,1
亦釩,0,1
大軍,1,0
泓宇,1,7
凱新,0,8
君瑜,0,8
郁喬,0,1
怡瑩,0,4
文辰,1,5
嘉勻,0,1
妤貞,0,9
義展,1,7
雁晴,1,2
康綸,1,5
佳儒,0,3
辰暐,1,0
楨蓁,0,4
祐嘉,1,2
宜芸,0,6
珮晴,0,6
柏彥,1,4
書婷,0,5
庭瑋,1,6
弘卉,0,5
思嫣,0,7
柔妤,0,2
尚鈞,1,5
妍之,0,9
泓茗,1,1
濰瑄,0,8
晉宇,1,4
瑞宇,1,7
彥妤,0,5
維捷,1,8
鈴育,0,0
少鈞,1,2
嘉妮,0,1
翔鈺,0,9
峻弦,1,8
若庭,0,4
萬福,1,7
梵寧,0,2
懷軒,0,7
元圓,0,5
崴宇,1,1
庭昀,1,6
哲宇,1,8
庭羽,0,4
子慎,0,6
立芸,0,0
岱玲,0,7
于萱,0,4
文郁,0,9
日新,1,0
芃諭,0,3
峻瑋,1,7
皓青,1,2
沐典,1,8
則蓁,0,7
佳珈,0,0
宥葳,1,9
晨暄,1,5
子毅,1,5
孝涓,0,3
妍璿,0,0
若妤,0,4
馨云,0,8
立涓,0,6
揚凱,1,4
秉樺,1,6
智翔,1,3
芝芹,0,0
昀軒,0,9
正憲,1,3
玟祈,0,4
宜靜,0,3
承恩,1,2
唯寧,1,2
以暘,1,1
佩穎,0,0
采廷,0,5
昱翔,1,6
詩昀,0,4
其瑋,1,6
沛萱,0,6
彥霆,1,4
凱翔,1,1
宜蓁,0,2
佳萱,0,6
侑旻,1,6
雅星,0,7
睿宸,1,7
敬軒,1,6
岱蔚,1,6
璐,0,8
欣,1,0
婉瑜,0,4
宇陞,1,7
柏顓,1,1
若維,0,5
家欣,0,7
采融,0,1
成蔚,1,7
聖倫,1,5
世軒,1,0
怡傑,1,4
尚哲,1,4
芃萱,0,2
恩進,1,1
秉榕,1,1
冠嶢,1,9
聞,1,1
家妤,0,7
竣浩,1,4
嘉珮,0,0
宇辰,1,2
冠銘,1,0
思璇,0,3
彥凱,1,7
心瑀,0,9
宣淯,1,9
仲凱,1,5
恕,0,4
永寬,1,0
俞安,1,4
程惠,0,2
耀凱,1,2
偉恩,1,5
恩翔,1,1
芷妤,0,0
敘廷,0,0
煜捷,0,1
威華,1,0
詔宇,1,6
詠浩,1,4
稔貽,0,5
譽馨,0,8
誼庭,0,0
皓承,1,7
依琳,0,7
佑軒,1,1
婕妤,0,6
瑀宸,0,9
孟寰,1,0
宜霖,0,8
郁涵,0,1
孟萱,0,3
誠佑,1,7
禹誠,1,9
心綺,0,6
于葳,0,1
渠,1,6
楷翔,1,9
家維,1,0
姿璇,0,2
啟超,1,2
宗祥,1,9
宛儒,0,0
渼莛,0,5
光中,1,0
亞璇,0,6
晏君,1,0
恩加,1,7
品綸,0,5
東璿,1,5
冠頡,1,8
巧喻,0,3
妤宣,0,8
庭萱,0,8
語晴,0,0
子芸,0,0
靖雅,0,0
雅蓉,0,0
竑睿,1,5
翔郡,1,3
家萱,0,8
宇彤,0,0
苡媗,0,5
書秀,0,7
秉睿,1,5
鈺雪,0,9
琇筑,0,7
婷云,0,2
郁欣,0,5
采宜,0,0
堂葳,1,2
雨靜,0,2
昱伶,0,8
詠馨,0,1
昀臻,0,2
曜丞,1,8
于萱,0,6
家寧,0,1
宗白,0,9
哲傑,1,9
伯諺,1,0
威遠,1,7
昱婷,0,2
艾璇,0,5
丞韋,1,3
佑心,0,1
芝辰,0,8
宇姍,0,0
佩沂,0,6
弘謀,1,1
柏誠,1,4
郁棻,0,7
峰暉,1,4
依婷,0,7
典生,1,0
茁安,0,2
侑均,0,4
行謙,1,2
盼,0,3
邑穎,0,7
宜庭,0,1
婷萱,0,7
鄫渠,1,9
冠豪,1,7
芝綺,0,4
秉璉,0,7
語香,0,2
安芯,0,7
羿緯,1,4
佳真,0,5
映儒,0,9
鈺雯,0,7
甯竣,1,7
成軒,1,2
家旺,1,1
怡霏,0,8
培睿,1,9
巧雲,0,7
承昊,1,2
庭妮,0,4
璿凱,1,3
紹瑋,1,6
翰修,1,6
杰倫,1,9
湘蓉,0,4
宇庭,0,6
育誠,1,8
子恩,1,9
藝涵,0,3
弘育,1,0
德宇,1,1
政達,1,0
才榆,1,8
宜駿,1,5
睿霖,1,5
侑廷,1,8
若涵,0,4
昱霖,1,5
妙儀,0,4
芳媐,0,3
宣邑,1,9
芷芸,0,3
致安,1,3
子文,1,9
子容,0,7
鑫,1,7
士鈞,1,2
翊甄,0,4
玉莉,0,4
鑫,1,4
宸祐,1,4
梓議,1,2
之策,1,8
詠婷,0,1
珮薰,0,2
心晨,0,5
子堯,1,3
薇德,0,1
秉儒,1,8
軒誠,1,9
佳瑩,0,5
上亨,1,7
怡瑄,0,4
立心,1,1
健瑋,1,7
安祈,0,0
柏諭,1,9
瑀安,0,0
芝韻,0,5
妍甄,0,5
鈞序,1,6
育瑋,0,5
文君,0,3
子綾,0,4
泓毅,1,6
潔穎,0,0
容,0,4
佳蓉,0,1
品妤,0,8
秉霖,1,8
俊佑,1,6
濠瑋,1,1
丞佑,1,1
芃萱,0,3
佩伶,0,0
子權,1,7
偉盛,1,0
道亮,0,5
欣儒,0,4
云彤,0,2
柏辰,1,4
藝文,1,4
冠宏,1,6
寶卿,0,0
崇翰,1,6
紀賢,1,3
閔任,1,6
瓊尹,0,5
彥伶,0,4
郁捷,0,3
俊霖,1,4
雅柔,0,8
煥棋,1,8
以柔,0,9
威霖,1,6
意弘,1,8
雅慧,0,9
家華,1,3
季謙,1,6
雅若,0,8
芯瑜,0,6
紹丞,1,2
胤賢,1,4
絜瑜,0,1
中誠,1,2
明憲,1,8
妤如,0,4
筠惠,0,1
岑,0,7
臻,0,1
妍,0,3
彥瑾,0,8
士堯,1,5
漢唯,1,7
昱臻,0,7
柏安,1,1
天龍,1,4
樂瑩,0,9
俞彤,0,3
海榕,0,9
彥翔,1,5
禹岑,1,0
奕璋,1,8
生怡,0,0
冠瑋,1,0
鈜祐,1,7
文耀,1,0
德萱,0,6
彥宸,1,4
旻徽,1,8
品臻,0,6
孟杰,1,9
若嫻,0,3
柏雯,0,0
千珊,0,6
琦甄,0,7
文睿,1,2
庭蓁,0,2
郁軒,0,2
彥德,1,7
文姿,0,0
映彤,0,7
慕慈,0,3
承煥,1,4
禕顓,0,5
妤文,0,3
潔儀,0,3
佳貽,0,1
喬飛,1,7
婕容,0,8
有辰,1,2
佳盈,0,0
又菱,0,7
嘉伊,0,1
聞賢,1,7
怡瑜,0,8
叡,1,9
楷承,1,5
雅婷,0,1
品萱,0,2
子弘,1,8
鈺昇,1,0
宥瑭,0,4
柏翰,1,4
婕妮,0,8
禹彤,0,4
宜蓁,0,5
明驊,1,3
偉誠,1,1
品榕,0,1
建安,1,5
恩,0,3
宣雅,0,2
怡君,0,9
永萱,0,3
亦誠,1,8
文皓,1,6
庭宇,1,4
宜綸,0,0
辰安,0,5
歆,0,3
鎔鎂,0,8
文博,1,2
禹儒,1,2
冠群,1,5
孟容,0,0
禎,0,5
熙襄,0,4
心怡,0,2
羽宣,0,9
怡伶,0,9
柏曄,1,6
鴻興,1,6
梓鈞,0,1
廷鍇,1,1
子禾,1,5
柏佑,1,2
上鋒,1,2
巧昀,0,7
馨方,0,6
欣霓,0,9
妤,0,5
藝軒,0,8
佳穎,0,1
歆捷,0,8
鴻霆,1,6
郁忻,0,4
映慈,0,4
宜蓁,0,7
映璇,0,5
弘嘉,1,9
沛軒,0,8
莛煖,0,7
筱君,0,1
筱悅,0,2
先紫,0,7
文嘉,0,5
佳恩,1,1
芊禾,0,7
靖淳,0,8
芃忻,0,1
凱崴,1,8
昱潔,0,3
宜柔,0,8
明駿,1,7
宜萱,0,7
詩諭,0,0
苡榛,0,1
米淇,0,9
巧君,0,0
多原,1,9
瑞廷,1,0
振宇,1,5
宥鑫,1,4
采欣,0,8
岱麟,0,6
群宇,1,1
靖倫,1,0
淑珍,0,9
聖宜,1,4
培樑,1,4
佩瑾,0,7
詠雅,0,6
威辰,1,5
詩淳,0,5
昱昕,0,4
子竣,1,2
宇宣,0,0
俊彥,1,7
凌儀,0,4
柔萱,0,8
孟廷,1,7
新惠,0,6
絜雅,0,6
柔吟,0,7
旻豫,0,1
侑暄,0,4
渝軒,0,5
柏霖,1,9
宇陽,1,2
怡萱,0,3
郁欣,0,6
雅筑,0,0
庭吟,0,7
宗諺,1,9
翊瑄,0,0
子熠,1,9
紫鈺,0,2
聖芳,1,3
柏誠,1,2
鈺暄,0,0
依德,1,1
怡雯,0,8
宇光,1,6
宜宸,0,7
晨,0,3
成瑋,1,5
立婷,0,9
宜芳,0,9
怡安,0,6
羽新,0,5
易樺,0,5
惠婷,0,8
明憲,1,0
勻懷,0,9
秉恩,1,5
登茂,1,7
竑文,1,6
楚翔,1,9
宜筠,0,8
郁珊,0,5
恩嫻,0,6
承佑,1,8
煜倫,1,5
暐程,1,1
織宜,0,5
榕瑄,0,7
承軒,1,2
弘毅,1,1
楷傑,1,8
科穎,1,7
耀瑄,0,4
紹鈞,1,7
彥宏,1,4
圳緯,1,5
子紘,1,9
宇軒,1,1
承恩,1,4
韋葶,0,1
凡恩,1,9
子暄,0,0
益寧,1,1
恩婕,0,9
渝臻,0,0
德林,1,8
柏麟,1,2
聖岳,1,2
宜婕,0,4
硯恆,1,0
羽恩,0,2
芷吟,0,2
翊晴,0,1
顗瑞,1,3
昕傑,1,8
亭吟,0,0
郁賢,1,6
文豪,1,0
聖詠,1,2
昊瑾,0,3
恩嫻,0,0
嘉臨,0,5
之晴,0,9
惠芳,0,8
毅展,1,8
宇恬,0,0
覺輔,0,8
安家,1,7
正唐,1,8
思翰,1,7
品岑,0,9
易,0,2
嘉玲,0,9
惟恂,0,0
易鴻,1,4
芯妤,0,7
俊德,1,6
芷珊,0,7
聖祐,1,0
宜蓁,0,8
麒暉,1,9
婕綾,0,1
昱婷,0,2
瑄,0,1
穎蓁,0,3
以真,0,0
妍蓓,0,5
威德,1,0
志安,1,3
浩崴,1,5
頎文,1,3
翔貿,1,7
燿銘,1,8
少均,1,9
仲廷,1,5
煥宇,1,9
小寧,0,9
之凡,1,6
一蘆,1,8
秉桀,1,1
恩睿,1,4
宜婕,0,1
瑋君,1,0
卉娟,0,0
冠宇,1,8
和妍,0,8
琇茹,0,5
皓宇,1,5
芳槙,0,4
祐辰,1,7
育慧,0,5
柏廷,1,0
方祥,1,8
培文,1,3
芃緣,0,7
詠恩,0,0
品璇,0,5
丞翔,1,8
以信,1,3
芷筠,0,8
宣亦,1,9
美晴,0,7
少葳,0,7
靖祐,1,2
婉琪,0,0
原昊,1,2
和諭,1,7
伊繁,0,9
皓雯,0,0
念嘉,1,0
忻卉,0,3
宜楨,0,4
柏安,1,8
之儀,1,1
姿佑,0,7
嘉萁,0,7
馨禕,0,4
秉毅,1,8
倖秀,0,7
奕旼,0,7
安,1,7
宜蓁,0,1
欣融,0,7
品翔,1,9
品瑄,0,0
東霖,1,2
博越,1,0
家同,1,3
渝雅,0,7
睿盛,1,5
立軒,1,5
評鈺,0,0
妤安,0,2
庭葳,0,5
佳妤,0,4
心儀,0,4
佳雯,0,6
蕎安,0,3
嘉貞,0,3
宇恬,0,9
玠樺,1,0
聖棨,1,4
鎧麟,0,3
家蔚,1,5
侑錚,0,1
富群,1,6
振宇,1,9
昱廷,0,1
瑞珍,0,3
師旭,1,0
羿華,0,5
宥宸,1,8
顥中,1,8
琋硯,0,6
配辰,0,5
樂宣,1,1
芷妤,0,4
恩霖,1,7
仕凱,1,1
楚涵,0,0
竹均,0,6
乃云,0,5
又寧,1,6
柔樺,0,2
崴鈞,1,3
乃璇,0,9
珮禎,0,7
永秦,1,5
育其,0,3
艾杉,0,3
子豪,1,4
湘婷,0,0
柏翰,1,1
晅芮,0,3
宥任,1,5
莉瑾,0,9
博姿,0,0
閎宇,1,6
予忱,1,5
辰宇,1,7
宗穎,1,8
語鈊,0,4
岑恩,0,4
彥蓁,0,4
葦凱,1,6
泓睿,1,5
智恩,1,4
佳鈞,0,2
冠幟,1,0
祐聖,1,2
義翰,1,0
慈昀,0,4
琬茜,0,3
柏翰,1,5
馥媃,0,9
華薏,0,8
政佑,1,5
詮中,1,8
雅心,0,0
名妤,0,6
家彥,1,1
紀梧,1,5
家萱,0,4
君,1,7
宗穎,1,6
哲偉,1,4
蓉,0,0
若薰,0,6
宥丞,1,7
雨蓁,0,1
相頤,0,9
宣瑋,1,1
采庭,0,4
涵恩,0,9
彥妤,0,3
文琪,0,3
蘊慈,0,9
紫綺,0,9
芷涵,0,0
采霓,0,2
宜臻,0,2
喬,0,2
潔安,0,9
孟謙,1,4
伯穎,1,1
彥杰,1,8
慶發,1,5
郁芹,0,8
誌加,1,3
泰育,1,0
惠菁,0,1
世鈞,1,2
松樺,1,6
士瑋,1,7
耘辰,0,3
冠穎,1,6
喬棋,0,2
瑞辰,1,7
采勳,0,5
欣睿,1,5
子人,0,3
婷鈺,0,1
依虹,0,9
彤恩,0,7
依庭,0,9
寀慈,0,3
仲威,1,6
惠心,0,0
顥宇,1,7
良修,1,6
翊萱,0,0
琨育,1,5
竣升,1,4
宇祺,1,4
靖,0,4
言愛,0,6
昕展,1,9
佳霖,0,5
絮棻,0,7
婕昕,0,2
冠廷,1,4
靖宜,0,3
昀剛,1,4
柏諭,1,9
國霖,1,3
智翔,1,0
威達,1,8
柏勳,1,9
愛庭,0,5
聖麒,1,4
玟妤,0,3
建誠,1,0
光宇,1,6
昀暄,0,1
有勝,1,8
皓笙,1,5
啟文,1,2
漢軒,1,5
律言,1,4
瑜華,1,6
威宬,1,7
信瑀,1,3
婉媗,0,5
姺瑜,0,7
美萱,0,1
程宇,1,5
昀翰,1,5
禹蓉,0,6
意清,0,9
郁欣,0,9
于軒,1,4
茉央,0,9
紹岑,1,6
宛錡,0,4
于嫿,0,3
崇慎,1,3
奕,1,2
耀銳,1,5
宏鈺,1,5
力綸,1,0
于捷,0,6
以芃,1,2
家芊,0,2
子昕,0,1
豐麟,1,6
力慆,1,0
聿超,1,3
維倫,1,1
宜蓁,0,9
宥廷,1,2
炘蓉,0,7
蔚薰,1,3
子謙,1,8
雨潔,0,1
冠宇,1,6
景賢,1,1
柏漢,1,2
景華,0,7
侑乘,1,7
珍,0,9
祥益,1,7
郁均,0,4
妘謙,0,9
嫚真,0,6
惟媗,0,4
維泓,1,1
均頲,1,2
蒨寧,0,2
芷瑩,0,5
品予,0,6
維,1,9
以芸,0,7
哲瑋,1,8
文柏,1,3
宸瑋,1,4
郁芸,0,4
瀚升,1,4
彥誠,1,4
宇晟,1,6
珩洵,1,8
亭萱,0,4
竣程,1,4
維德,1,4
玉芊,0,2
婕倪,0,1
柏靜,0,1
兆駿,1,3
釆瑜,0,4
宇紘,1,9
士宣,1,0
俊育,1,0
禎廷,0,7
胤豪,1,8
昇峰,1,0
巧妍,0,4
富翔,1,4
吉銘,1,1
勝煒,1,4
宜儒,0,8
宸珊,0,5
敬耘,0,3
辰萱,0,8
翔喻,1,7
淨淳,0,1
彥臻,0,8
建評,1,7
儀靜,0,4
晏翎,0,8
宜絢,0,8
泓軒,1,9
舜斌,1,2
玉青,0,7
羽柔,0,3
兆賢,1,9
品睿,1,8
育甄,0,3
芯禾,0,8
亦君,0,9
侑晟,1,8
亭妤,0,1
庚鴻,1,3
彥廷,1,7
蔓萱,0,7
昀融,0,2
廷芮,0,8
念夏,1,0
芯宇,0,1
沐晨,1,8
潔乙,0,2
杰明,1,4
凱捷,1,7
亞峻,1,2
翔筑,1,2
靈萲,0,9
家瑜,0,3
穎嫻,0,5
絜宣,0,4
筑暄,0,4
竹芸,0,8
致誠,1,7
勝全,1,4
淑雅,0,9
皆毅,1,4
佑維,1,0
孟茵,0,6
婉慈,0,2
甯,0,1
智元,1,7
秉霖,1,3
宜琳,0,4
子耕,1,9
智宇,1,4
鎮麟,1,2
世勛,1,5
宗翰,1,1
怡威,0,7
閔,1,0
有榆,1,6
銘軒,1,5
剛,1,9
綸妤,0,2
治蓁,1,0
俞庭,0,7
証元,1,0
哲綸,1,8
芷薰,0,7
冠程,1,6
啟豪,1,9
淳硯,0,4
禾心,0,9
司棚,1,6
廣馨,0,8
宇辰,1,8
僑恩,0,6
柏臻,1,5
俠君,0,0
承晞,1,3
冠宇,1,8
禹廷,1,9
閔茹,0,0
睿昊,1,4
孟儀,0,9
品秀,0,4
昕芸,0,3
婉美,0,7
婉綾,0,7
楚翎,0,5
聖維,1,1
琪茵,0,2
家彤,1,3
婕妤,0,7
秩逢,1,3
明葳,1,1
婷卉,0,5
潤馨,0,1
宇謙,1,6
秉頎,1,0
康華,0,1
秉諺,1,0
習與,1,9
婉瑜,0,3
若樺,0,3
士弘,1,8
郁婷,0,3
緯森,1,9
靖宜,0,0
竑程,1,3
瓊云,0,3
和庭,1,9
瑜蓮,0,2
郁琳,0,7
駿勝,1,3
俊瑋,1,5
建豪,1,0
祐禾,1,7
辰豪,1,7
佩萱,0,0
宸妤,0,7
以宸,0,0
柏睿,1,5
璦,0,8
為亨,1,4
員陞,1,3
筑鈞,0,1
尹莉,0,5
曉惠,0,9
玟汝,0,1
苡辰,0,5
軒慈,0,5
馨宇,0,4
亮丞,1,0
哲崴,1,2
婷蓁,0,6
君愷,1,9
怡呈,0,5
鈺萍,0,2
韻茨,0,2
宜榛,0,9
昱雯,0,8
光彥,1,3
玟霓,0,7
家柔,0,7
皓丞,1,4
允辰,1,6
子靖,1,9
盛緯,1,5
亭瑋,1,7
友綸,1,0
郁婷,0,6
卉榆,0,5
嘉佑,1,9
承叡,1,8
雅媜,0,2
宇全,1,7
詠晴,0,4
岳珍,0,7
子傑,1,3
威辰,1,7
上峻,1,7
允和,0,3
品妤,0,0
瑜庭,0,5
翌銘,1,3
獻毅,1,7
佳諭,0,8
凱傑,1,4
佳霓,0,2
聖哲,1,2
奕文,1,3
品璇,0,6
庭安,0,5
竑毅,1,9
妤庭,0,7
薇竹,0,6
佩軒,0,7
文彥,1,2
鈺庭,0,9
嘉綺,0,7
騏緯,1,7
竣宇,1,4
俐吟,0,8
芝綺,0,0
柏聖,1,7
思恩,0,0
松邑,1,6
惇硯,1,0
振翔,1,9
彥寧,0,4
宇潔,0,6
弘羿,1,5
宜旻,1,7
煦,1,7
葳柔,0,9
品慈,0,3
欣蘋,0,9
崇旭,1,7
松翰,1,5
冠霖,1,2
紅英,0,1
睿芸,0,9
國軒,1,0
雨潔,0,4
建禎,1,5
錦華,0,4
書霖,1,9
依琪,0,8
芷欣,0,9
宜玟,0,0
韋慈,0,9
秉雯,0,4
承益,1,5
柄憲,1,2
慈芯,0,6
道亭,1,8
芸蓁,0,1
亭萱,0,1
岑妍,0,1
柏禎,1,7
瓏予,0,3
軒廷,1,1
菀綺,0,7
悅妤,0,6
采妮,0,0
善媃,0,5
少緯,1,5
承安,1,7
品昕,0,0
博智,1,1
長宏,1,0
虹君,0,0
詩璇,0,2
瑞樺,1,1
怡伶,0,4
睿榆,1,3
彥承,1,9
宗育,1,8
祐德,1,3
沛昀,0,0
明學,1,1
明宸,1,0
欣亞,0,3
冠瑋,1,5
駿文,1,7
瑄,0,1
千采,0,3
昀庭,0,1
翟笙,1,6
亭羽,0,4
彥宇,1,2
俞琁,0,1
學岡,1,5
韻琳,0,3
安茁,1,0
哲景,1,6
昀,1,7
瑋翎,0,1
宏瑛,0,7
煒霖,1,3
亮誼,0,8
佳臻,0,1
晏誠,1,2
祐郢,1,7
采蔚,0,4
昀之,0,9
宜臻,0,5
大衛,1,6
鈺杰,1,8
沅志,1,1
芷暄,0,9
家和,1,1
敬恒,1,9
姿晴,0,5
圓蓁,0,6
子心,0,0
錦,0,1
俊廷,1,6
絡竹,0,7
御瑄,0,0
懷恩,1,8
芠昕,0,5
晨茂,1,3
東辰,1,3
暉,1,2
博祥,1,7
映軒,1,9
徫捷,1,8
政諺,1,6
柔蓁,0,8
芮銘,0,3
暐婷,0,8
書綾,0,8
姈娟,0,5
益樺,1,4
敏祐,1,5
伯萱,0,5
湄恩,0,8
芷葳,0,5
紜蓁,0,4
育賢,1,3
書瑋,1,3
文瑜,0,2
中儀,0,3
榆鈞,0,0
顥,1,8
學謙,1,5
筱茵,0,1
承翰,1,1
岱旻,1,2
毓珊,0,1
睿宸,1,3
新翰,1,0
景竑,1,5
珮琪,0,8
家佑,1,4
庭嘉,0,2
盈汝,0,6
欣妤,0,0
書愷,1,4
昱萱,0,5
昕毅,1,4
顥騰,1,5
宇廷,1,8
湘婷,0,0
恩瑜,0,9
德魯,1,1
亮亮,0,3
煒樺,0,8
淨哲,1,8
莘亞,0,2
柏登,1,3
易呈,1,4
婕柔,0,2
紫媗,0,7
菽萱,0,1
柏浩,1,4
祐均,1,4
如軒,1,9
小蘋,0,5
昱碩,1,4
予,1,9
冠融,1,7
佳蒨,0,0
繪雨,0,9
良丞,1,4
芹榛,0,7
芷綺,0,3
佑真,0,5
琬婷,0,4
琳珺,0,1
煒翔,1,0
識翔,1,0
梓齊,1,4
梓新,1,6
心妤,0,1
祖安,1,8
政宇,1,3
博荃,1,7
以恩,1,1
晏,1,3
郁軒,0,6
湘庭,0,4
成岳,1,6
崴庭,1,9
師為,1,8
家慶,1,8
承彥,1,6
偉志,1,6
祈暄,0,2
采玲,0,4
以希,0,9
辰旭,1,7
信甫,1,0
庭儀,0,5
祥任,1,3
瑞意,1,6
介元,1,8
力得,1,3
彥丞,1,5
政恩,1,3
永虔,1,8
苡真,0,0
銘羲,1,3
鼎錡,1,7
顥宇,1,7
芝齡,0,1
益絃,0,4
祺蓁,0,3
郁,0,4
言恆,1,8
語婷,0,0
偉裕,1,4
思維,1,1
家弘,1,5
順蔚,1,5
宥宣,0,4
聿葳,0,1
庭瑜,0,8
詩鎬,1,6
宇翔,1,3
嫚均,0,4
子喬,0,7
冠廷,1,1
朋蓁,0,8
嘉誠,1,8
瑪雅,0,6
承翰,1,8
鈺麟,1,9
俊宏,1,9
昌哲,1,9
思璇,0,9
云愷,1,1
哲宇,1,7
珮妤,0,6
翊綺,0,3
昫芃,0,8
安綺,0,2
旻娜,0,9
博穎,1,5
家暐,1,2
韋中,1,4
紹甫,1,5
尹杉,0,0
芝亞,0,1
妲,0,3
昱琳,0,5
永恬,0,6
芝瑩,0,3
妤柔,0,4
承洋,1,8
先恆,1,1
俐嘉,0,4
燕如,0,7
子芸,0,5
妘青,0,9
治宏,1,0
詩涵,0,2
旭寬,1,3
思嫺,0,8
宣寧,0,3
銘篆,1,8
彥彰,1,4
智融,1,9
楷恩,1,5
元聆,0,9
羽庭,0,7
思維,1,9
重頡,1,3
君霖,1,2
承育,1,8
榆雅,0,5
威志,1,4
茂棠,1,1
宛倫,0,5
丞彥,1,0
廷杰,1,1
伯巨,1,8
瑜庭,0,6
至垚,1,8
家瑜,0,1
莞玟,0,3
承潔,0,1
欣怡,0,8
岱融,0,4
少睿,1,5
佳淩,0,7
滿琳,0,9
筠芯,0,2
婷萱,0,8
柏宇,1,9
祖恩,0,8
奎元,1,1
沐柔,0,7
子恩,1,9
軒民,1,1
茂榛,1,5
晉嘉,1,5
昭威,1,3
釋瑜,1,5
峻熒,1,6
亦芃,0,2
晏蓉,0,8
芸榛,0,0
鼎譽,1,8
秉叡,1,7
桑妮,0,1
震宇,1,7
沛瑩,0,6
彥亨,1,8
心芃,0,4
曄,1,1
莉蓁,0,4
亭誼,0,6
迎晨,0,9
冠廷,1,0
承憲,1,6
向芃,1,3
婉綾,0,2
葳葳,0,4
鈺涵,0,2
弈妏,0,5
勤,1,6
霈琪,0,8
慶哲,1,0
宜,0,9
予親,0,3
育銓,1,0
焄,0,9
英碩,1,3
庭宇,1,0
旻容,0,3
鈺,0,1
之青,0,2
永凌,0,4
冠如,0,1
廷宇,1,3
怡宸,0,3
翊銓,1,3
子旻,1,1
翰鉦,1,1
宛萱,0,0
弘奇,1,3
茗傑,1,4
昱廷,1,7
偉華,1,5
莛皓,1,8
辰宇,1,7
語珩,0,9
廷緯,1,5
靜昀,0,8
芊儂,0,7
恩綺,0,6
子萱,0,4
育賓,1,4
政安,1,8
澤宇,1,0
宇翔,1,0
家榆,0,1
子晴,0,1
嘉佑,1,6
奇恩,0,7
質然,0,3
宣富,1,6
名胤,1,4
煜瑋,1,7
靈心,0,4
于家,0,8
郁舜,1,4
虹吟,0,5
霈芯,0,8
祐,1,0
宜薌,0,3
育傑,1,9
凱富,1,9
立桓,1,7
御穎,0,2
羿廷,1,5
琦晴,0,7
喬羽,0,6
永恩,1,8
柏辰,1,7
彥維,1,1
亞諠,0,8
凱祥,1,2
駿毅,1,9
岱青,0,5
承儒,1,7
祐愷,1,7
香函,0,3
睿彬,1,3
懿文,0,1
詠晴,0,4
芝泰,1,4
純守,1,9
侑霖,1,6
立辰,1,6
安庭,0,3
湘旻,0,2
宛瑩,0,7
子豪,1,8
薇亦,0,0
祥暉,1,0
玟儀,0,3
秉霖,1,9
芷琳,0,1
雅英,0,4
維惟,0,8
念恩,0,0
致達,1,4
書與,1,4
信越,1,8
智涵,0,5
杰翰,1,3
汶慧,0,5
陳念,0,2
露新,0,5
律瑋,1,9
芊樺,0,1
冠廷,1,0
閔智,1,6
宇皓,1,6
季唐,1,6
千浩,1,6
品傑,1,3
東彧,1,5
樂恩,1,0
筱萱,0,4
秉熙,1,9
玠合,1,1
延秦,0,3
一帆,1,1
奕杰,1,6
芷毓,0,6
家慧,0,9
立恩,1,5
尉淵,1,5
璿,0,8
鈺庭,0,2
筱敏,0,7
宜鑫,0,6
旗榕,1,1
子茵,0,5
秉中,1,0
易蓁,0,0
子擎,0,2
泓垠,1,8
昱妙,0,1
德瑋,1,3
芝敏,0,7
坤宸,1,3
心如,0,3
翊茹,0,6
宇歆,0,0
祺叡,1,6
信彰,1,4
韻涵,0,7
秭霖,0,0
薇如,0,7
語萱,0,7
怡均,0,9
禾平,1,1
怡茜,0,7
甫詔,1,5
得彰,1,4
庭筠,0,2
子詠,1,0
子瑜,0,5
柏瑋,1,0
寬宸,1,4
品謙,1,1
曼綺,0,5
佳渝,0,4
冠俞,1,5
昱慈,0,5
芃,0,2
宥咨,0,0
浚育,1,7
原丞,1,9
婕琳,0,2
政穎,1,4
言臻,0,9
玗蓁,0,5
冠博,1,0
宜軒,0,8
新景,1,3
兆鈞,1,2
亭凱,1,1
妙均,0,4
佑禎,1,3
婕宣,0,1
亭妤,0,1
沛庭,0,2
余辰,1,6
湘婷,0,8
國寰,1,8
寶寶,0,5
廷傑,1,2
宇慶,1,1
淳安,0,7
昱翔,1,6
嘉汶,0,9
又云,0,2
國辰,1,0
馨鈴,0,2
羽聲,1,0
善騏,1,1
家齊,1,3
宇寧,0,3
冠翰,1,3
沛蓉,0,5
忻祐,1,2
柏楷,1,8
聲允,1,0
翰承,1,0
頡弘,1,0
芸綺,0,9
彥祺,1,8
怡蒨,0,4
呈育,1,9
楷文,1,8
宸臻,0,2
淳妤,0,1
睿誠,1,9
詠馨,0,2
珮庭,0,3
凱傑,1,0
沂芳,0,9
宜珣,0,8
彥宸,1,1
胤沅,0,9
媛媛,0,7
紫荃,1,4
春瀴,0,2
冠綺,0,7
宛璇,0,6
家誼,0,0
景翔,1,8
智全,1,4
紀鵬,1,7
祺翔,1,4
楷文,1,6
湘儀,0,7
竣瑋,1,0
秀如,0,3
楷淳,1,0
玟甄,0,3
翌瑄,0,3
晴,0,0
慧禎,0,4
巧竹,0,1
哲峻,1,9
嘉桐,1,2
昱昕,0,4
品妤,0,5
岱琪,0,1
育謙,1,1
督庭,1,3
心瑜,0,6
茿妤,0,4
盈瑄,0,0
耀德,1,8
俐云,0,6
怡琇,0,4
佑丞,1,5
翌瑄,0,0
柏竣,1,4
育豪,1,0
秉陞,1,1
孟融,1,0
緯,1,7
旻恩,0,3
嬡,0,8
楷珞,0,7
唯冠,1,8
丞佑,1,9
宗賢,1,5
懷哲,1,3
威,1,3
方杰,1,4
奇軒,1,0
致甯,0,7
位嘉,0,1
軒宇,1,2
浚植,1,9
冠廷,1,9
彥杉,1,8
沁妤,0,0
瑀籈,0,6
品萱,0,9
子媗,0,7
於陞,1,1
聖恩,1,0
羽辰,0,0
言凌,0,9
翊辰,0,3
沛妤,0,1
岱容,1,7
澄沅,1,3
兆寧,0,0
名洋,1,5
景翔,1,7
羽涵,0,1
欣巧,0,9
以晴,0,6
崇紳,1,3
君毅,1,5
妮妮,0,8
杏柔,0,8
可筠,0,3
熙,1,9
倍佐,0,6
翊嘉,1,8
瑋翎,0,3
芳昀,0,3
韋蓁,0,3
昱華,1,0
臻,0,9
沛軒,0,4
文彬,1,4
又嘉,1,9
東霖,1,1
柔均,0,7
定升,1,8
泊辰,1,1
彥妤,0,1
慕雅,0,3
靜雯,0,7
紘宇,1,4
思瑾,0,5
彥綾,0,0
羿馨,0,4
又嘉,0,8
宜臻,0,7
宣瑾,0,2
昭祺,1,5
文瀚,1,7
緹縈,0,3
仲軒,1,9
治湧,1,2
宸苡,0,2
語恩,1,5
妤嫻,0,7
靜雯,0,2
皓宇,1,5
奕禛,0,7
胤璇,0,1
柏森,1,4
侑駿,1,7
翊韓,0,6
詠約,1,5
昱丞,1,9
靖淳,0,7
賀元,1,7
子恒,1,9
風樺,0,1
岳穎,1,2
愀妏,0,4
沅慶,1,6
辰心,0,5
宇倫,1,2
久軒,1,1
宜軒,0,2
文熙,0,4
佩伶,0,3
昱為,1,6
奕嘉,1,3
庭熙,0,1
祿紘,1,4
韋蓁,0,1
祐祥,1,5
鐘文,0,6
以函,0,8
采衡,1,3
海晅,0,3
芊蓉,0,4
大邦,1,2
祥誠,1,0
昕宸,1,8
虹瑄,0,7
立綸,1,5
莉潔,0,2
郁琪,0,3
芷綾,0,5
婧瑄,0,8
奕廷,1,8
澤文,1,9
竣祐,1,2
弘鈞,1,5
凱翔,1,8
玟萱,0,9
上庭,0,0
詠真,0,0
帛辰,1,4
信凱,1,2
明庭,0,5
義學,1,9
俐妤,0,6
祈緯,1,5
仲誠,1,5
玟頤,0,9
芊儀,0,0
頤茜,0,0
芷瑄,0,2
沛頡,1,0
晟鐸,1,4
冠廷,1,8
有序,1,1
易享,1,3
群諺,1,4
祐榛,1,8
子筠,0,6
捷蔚,0,9
博達,1,3
柏瑋,1,9
芳瑀,0,1
淑賢,0,9
敬淳,0,9
品翰,1,6
昭瑜,0,7
律研,0,9
舒鈺,0,2
佳盈,0,7
翊綺,0,7
耿弘,1,3
秉琛,1,9
品薇,0,3
祐麟,1,8
亭穎,0,7
葳葳,0,3
君颺,1,8
威辰,1,1
子玉,0,2
峻銘,1,0
奕嘉,1,0
湘雯,0,6
哲廷,1,7
皓文,1,0
希敏,0,8
俞翔,1,9
秉鴻,1,7
姵莉,0,2
大昀,1,2
登翔,1,0
晴學,0,0
昱涵,0,6
其昀,1,8
力耘,1,7
柏翰,1,4
冠岑,1,3
楚璇,0,4
承翰,1,1
郁婷,0,5
翔臻,0,9
艾蓁,0,0
孟勳,1,3
姵文,0,0
彥仁,1,1
品萱,0,9
玠甫,1,8
巧萱,0,3
慕璿,1,5
于瑄,0,0
嘉容,0,7
榮芳,0,9
睿宏,1,5
家樂,1,7
上祐,1,8
惟絜,0,1
曦,0,3
湘芸,0,6
品妤,0,7
冠志,1,9
國源,1,9
紫涵,0,7
榮惠,0,7
郁珩,0,3
品瑄,0,5
冠銘,1,5
力文,1,3
立智,1,7
靜依,0,7
群佑,1,1
睿翔,1,9
瑜穎,0,1
端又,1,8
筱君,0,7
芃翎,0,3
槢薳,1,1
姿佑,0,6
泓棋,1,5
宜茗,0,1
昱馨,0,5
佳芸,0,0
成駿,1,2
子郡,1,2
宇承,1,3
欣妮,0,0
雅筠,0,4
靚樺,1,5
睿棋,1,5
俞潔,0,2
宜謙,0,3
凱裕,1,8
承穎,0,9
迦勒,1,5
芳榐,1,7
祐竹,0,1
憶湘,0,4
宗權,1,5
匡時,1,7
書蓉,0,4
宛伶,0,9
心云,0,2
明照,1,1
妙香,0,9
雅萱,0,1
詠繼,1,3
宥臻,0,7
慈立,0,6
玟妍,0,9
昆哲,1,4
拉斯,0,9
柏凱,1,5
珮樺,0,8
璟棠,1,2
泓懿,1,7
季諾,1,4
筠芯,0,4
采穎,0,3
頤,1,3
秉叡,1,0
彥翰,1,7
雅文,0,2
芯芳,0,6
宇桐,1,0
佩澐,0,7
唯文,1,3
妘庭,0,0
祐維,1,5
恭煒,1,9
峻緯,1,6
明圖,1,1
佳妤,0,5
羿華,1,4
云云,0,7
冠廷,1,3
俊穎,1,6
昱喬,0,6
爾,1,7
宜綺,0,7
梓齊,1,7
婷,0,0
沅治,1,3
偉誠,1,2
澔,1,1
思翰,1,3
彥辰,1,9
佳蒨,0,4
尹閔,1,0
柏辰,1,3
家誠,1,0
紹文,1,1
姿怡,0,0
家晨,1,7
尚哲,1,7
竫旋,0,1
美依,0,9
廷珊,0,7
宛婷,0,5
乃心,0,2
建彰,1,0
一宸,1,4
宜真,0,7
昱捷,0,3
彥彤,1,4
佳妤,0,5
宸逸,1,1
景翔,1,9
冠佑,1,2
茹云,0,5
詠晴,0,5
歆芸,0,7
翔聖,1,1
詩哲,1,3
昀昕,0,8
亭君,0,9
立恆,1,9
傑瑞,1,9
宥田,1,8
藥上,1,5
菀軒,0,9
萬恆,1,3
雯晴,0,6
逸翔,1,4
方瑜,0,3
敏玟,0,7
炳焜,1,2
厚恩,1,2
怡樾,1,1
奕涵,0,0
恆晴,0,9
炤寧,1,6
心黎,0,2
秉正,1,4
奕翔,1,8
宇程,1,0
妤君,0,1
子瑩,0,0
大為,1,1
逸泉,1,8
心豪,1,1
書妤,0,7
雅馨,0,7
昀澔,1,9
崇瑋,1,2
芷柔,0,0
宥翔,1,5
成堉,1,8
翊祐,1,6
妤珊,0,0
亮妤,0,3
昀儒,1,8
景怡,1,4
芷薰,0,5
瑞逸,1,2
庭嘉,0,1
則中,1,0
竹盈,0,3
翊瑄,0,0
立桓,1,5
宜瑾,0,6
品嘉,0,0
強,1,2
政閔,1,5
嘉誠,1,6
伊秦,0,7
郁佳,0,0
哲奇,1,5
兆翔,1,1
珮妤,0,5
上丞,1,0
與辰,1,8
蓉,0,2
昕芃,0,7
威呈,1,1
益嘉,1,2
含君,0,1
奎謀,1,0
頊睿,1,7
宗佑,1,9
彤瑾,0,2
語婕,0,1
晟原,1,2
閔鴻,1,7
宇婷,0,0
書弦,0,1
思閔,0,1
宜蓉,0,3
盈秀,0,8
乙竹,0,0
元禎,1,2
皓陞,1,6
婕羚,0,8
閔姮,0,1
芷妘,0,5
振廷,1,8
祐慈,0,6
明筠,0,8
珮暄,0,5
紹杰,1,6
家妤,0,7
信瑜,0,2
舟延,1,6
博藝,1,0
祐全,1,9
芃琳,0,2
圓諭,0,4
佳諭,0,5
昱廷,1,1
宇婷,0,2
浩哲,1,5
蒨育,0,2
緯朋,1,0
宥名,1,9
碩誠,1,0
建傑,1,9
和芳,0,0
迎鎬,1,4
懷鴻,1,9
俊遠,1,0
祐維,1,0
郁婷,0,6
弘勛,1,5
千瑜,0,8
叡,1,5
宇涵,0,2
依玲,0,1
渝芸,0,5
譽潔,0,9
光禹,1,1
品嘉,1,6
政洋,1,5
思妤,0,6
佳瑜,0,4
孟葦,1,1
洸昊,1,0
孟葳,0,9
千容,0,5
睿佳,0,9
芊融,0,3
佳峻,1,8
柏霖,1,0
子堯,1,4
隆緯,1,2
文翔,1,6
翊綺,0,7
哲維,1,5
可晨,0,2
亭羲,0,6
晏瑜,0,9
瑞元,1,7
欣儀,0,6
旭修,1,1
俊菖,0,9
君睿,0,0
建鋒,1,9
家輊,1,1
宜璇,0,1
迦勒,1,2
琪薰,1,6
昕樺,1,4
宥恩,1,8
展維,1,0
芸瑄,0,7
庭瑜,0,5
欣倫,1,1
宇桓,1,9
虹靜,0,1
柏超,1,4
燕,0,3
沛熹,1,8
秉樺,1,3
妍庭,0,2
幃淳,1,4
婕絲,0,0
逸淇,0,7
芝穎,0,5
羽彤,0,3
子琳,0,2
予絜,0,8
千皓,1,1
韋仲,1,5
旭成,1,1
承曦,1,8
培瑄,1,8
法磬,1,8
槿華,0,4
敏慈,0,6
宜欣,0,6
苡婷,0,3
潔琳,0,5
錫宏,1,3
怡萍,0,5
子瑜,0,8
士瑄,0,8
祁峰,1,4
珮庭,0,4
育甄,0,2
柏靜,0,7
筱芸,0,9
湘菱,0,8
翊暄,0,9
紫羚,0,2
靜茹,0,4
書敏,0,0
昕燁,1,5
芷琪,0,0
浩翔,1,3
玟君,0,9
霖,0,6
榮軒,1,8
本毅,1,2
恆昱,1,2
宗曄,1,1
威廷,1,7
紫苓,0,3
昱蓁,0,4
芳誼,0,6
莉紋,0,4
適真,0,9
雅涵,0,4
馨旎,0,6
暐哲,1,7
欣頤,0,5
冠廷,1,4
文婕,0,2
顥哲,1,9
哲寬,1,6
詠潔,0,6
定恆,1,6
詩涵,0,7
遠,1,1
亮宇,1,2
少石,1,1
庭涵,0,6
芷瑄,0,8
立軒,1,2
凱翔,1,0
芷寧,0,1
勁豪,1,4
均,0,0
翊平,1,9
祐誠,1,7
晟榕,1,1
尹穎,0,9
建燁,1,5
品慈,0,1
偉碩,1,7
宏哲,1,4
芊柔,0,6
喬詩,0,1
增岷,0,3
楷傑,1,1
慈芸,0,7
亦涵,0,6
柔臻,0,4
夢欣,0,6
宗憲,1,3
政廷,1,7
容萱,0,0
品華,1,5
子宸,1,1
仁郝,1,9
嘉祺,0,6
駿杰,1,2
以旋,1,0
睿哲,1,7
沂柔,0,6
臻雅,0,7
少禹,1,8
宣吟,0,1
妮緗,0,6
宗君,1,6
偉揚,1,0
秋妤,0,0
惇媛,0,7
婉言,0,7
青陽,1,9
驤,0,9
斐然,0,3
雨璇,0,6
政廷,1,8
瑄琳,0,4
淳為,1,9
詩涵,0,5
千惠,0,2
則緯,1,6
庭瑄,0,0
祥宇,1,6
彥廷,1,8
庭君,0,4
書妤,0,0
紫茵,0,7
以晴,0,0
晨鈺,1,4
芷妮,0,8
映溱,0,1
恩佑,1,7
郁琪,0,9
巧雯,0,6
子嵩,1,7
采華,0,8
斯婷,0,4
盈雯,0,1
庭瑜,0,4
士熙,1,2
宣羽,0,5
容成,1,4
景量,1,9
詠晴,0,4
書菁,0,0
冠輔,1,8
承諺,1,4
亭妤,0,8
威融,1,3
宇彤,0,8
冠毅,1,1
弦祐,1,0
巧琳,0,9
宗恬,0,8
品捷,0,4
宸懋,1,0
以恩,0,9
孟樺,0,0
紹揚,1,5
家維,0,1
峻廷,1,5
奕融,1,8
喬羽,0,3
博凱,1,0
頎晉,1,0
沂亨,1,3
羽絜,0,2
可安,0,5
宇瑄,0,1
紀寬,1,6
詠絜,0,8
妤萱,0,9
易宸,1,7
翊程,1,1
馨蒂,0,8
蓉嫻,0,5
婉媃,0,2
宜儒,0,0
竣閔,1,0
一德,1,9
婕羽,0,0
亭安,0,5
昱揚,1,3
佳妤,0,1
晨祖,1,5
謙靜,0,2
亦旂,0,6
芓璇,0,9
悅庭,0,9
少宇,1,9
文圻,0,0
振寬,1,0
倢誼,0,9
璟怡,0,1
蓁愛,0,4
泓宇,1,8
謙,1,3
仕柔,0,8
彥廷,1,7
睿,1,7
若儀,0,4
祐荃,1,0
沛汶,0,0
芷妘,0,0
郁真,0,3
于晏,0,4
瑋,1,2
柏宏,1,9
大展,1,0
力菱,0,1
國傑,1,4
品鈞,1,5
東宸,1,6
垣佑,1,2
馥瑄,0,8
治琳,0,0
育誠,1,1
竣智,1,6
浩哲,1,2
泓傑,1,9
秉城,1,6
嘉平,1,8
雅淇,0,6
鈺杰,1,6
承宗,1,8
名翔,1,3
雨彤,0,0
尚群,1,5
翊瑄,0,3
榕珊,0,6
馥璟,0,3
仕翔,1,2
義翔,1,4
鼎強,1,1
淵渟,0,2
茂栩,1,8
軒堯,1,8
慕真,0,9
湘翎,0,0
麒淵,1,0
冠萁,0,2
丕澤,1,7
子安,0,0
允柔,0,9
昱翬,1,9
思琪,0,7
于靖,0,7
郡,1,6
育齊,1,1
宜恩,0,0
佳源,1,7
昕璇,0,1
珮綺,0,3
宜瑄,0,3
亭余,0,4
凱郁,0,2
晟螢,0,6
于翔,1,4
竺耘,0,7
頤霖,1,9
玉珊,0,0
懿弘,1,0
婉瑄,0,1
稟姍,0,0
宥鵬,1,8
亭佑,1,7
柏睿,1,7
以晨,0,2
智霖,1,3
宸熙,1,9
欣宜,0,6
紓安,0,7
育頡,1,0
力升,1,4
靖劼,1,8
士勛,1,2
苡宸,0,8
卓耘,0,7
誌宇,1,8
正誠,1,6
于璇,0,6
冠俞,0,0
晉維,1,6
威翰,1,4
芮盈,0,1
璟倫,0,0
宜蓁,0,6
恩綺,0,1
唯翔,1,4
怡廷,0,3
譯潁,1,3
育愷,1,7
羿秀,0,4
佑箐,0,2
曼綾,0,7
維閎,1,0
承祐,1,0
雲,1,1
理格,1,2
凌余,0,8
家楨,0,9
祺,0,6
孟君,0,9
怡晨,0,6
宜芹,0,0
森緯,1,5
海兒,0,1
實紅,0,9
書妤,0,9
品妍,0,8
柏傑,1,4
揚婕,0,9
敏慈,0,7
鈺喬,0,5
薇,0,2
乘靜,0,8
苡岑,0,3
雅瑄,0,9
宇庭,0,5
璟淳,0,1
誌遠,1,3
育茹,0,4
若璇,0,0
書瑜,0,5
鈺婷,0,6
軒睿,1,6
予柔,0,2
郁安,1,7
致軒,1,5
柏翔,1,8
照淇,1,8
捃偉,1,5
嘉銘,1,3
佳芸,0,8
又華,0,3
子晉,1,0
芸靜,0,2
